timestamp,project_name,run_id,experiment_id,duration,emissions,emissions_rate,cpu_power,gpu_power,ram_power,cpu_energy,gpu_energy,ram_energy,energy_consumed,water_consumed,country_name,country_iso_code,region,cloud_provider,cloud_region,os,python_version,codecarbon_version,cpu_count,cpu_model,gpu_count,gpu_model,longitude,latitude,ram_total_size,tracking_mode,cpu_utilization_percent,gpu_utilization_percent,ram_utilization_percent,ram_used_gb,on_cloud,pue,wue
2026-06-05T18:21:43,smoke-test-energy,e1289918-e23d-4a9d-8ae2-21724d5f0d89,5b0fa12a-3dd7-45bb-9766-cc326314d9f1,2.6085081999990507,1.4442993395146294e-06,5.536878663119231e-07,3.5,23.914635740566805,10.0,4.012116986109504e-06,1.0299730462e-05,1.146126305555097e-05,2.577311050366048e-05,0.0,France,FRA,,,,Windows-10-10.0.26200-SP0,3.10.0,3.2.6,16,AMD Ryzen 9 4900HS with Radeon Graphics,1,1 x NVIDIA GeForce GTX 1660 Ti with Max-Q Design,,,15.41950225830078,machine,0.0,0.0,62.3,9.60919952392578,N,1.0,0.0
2026-06-05T18:33:50,opener-crossner_ai,604d7050-6b6c-452d-a260-7adc68373670,5b0fa12a-3dd7-45bb-9766-cc326314d9f1,14.092147100000147,1.2454162410603358e-05,8.837661374258027e-07,3.3423370946538467,50.19449868540061,10.0,7.625685950799058e-06,0.000191000708356,2.361458805554422e-05,0.0002222409823623,0.0,France,FRA,,,,Windows-10-10.0.26200-SP0,3.10.0,3.2.6,16,AMD Ryzen 9 4900HS with Radeon Graphics,1,1 x NVIDIA GeForce GTX 1660 Ti with Max-Q Design,,,15.41950225830078,machine,0.0,74.91666666666667,71.22500000000001,10.982417106628418,N,1.0,0.0
2026-06-05T18:35:04,opener-crossner_ai,86b56e2f-a55e-427d-9222-9fec6df0f9b1,5b0fa12a-3dd7-45bb-9766-cc326314d9f1,23.049633400001767,2.113060587588602e-05,9.167436856451002e-07,3.5848922084659094,52.23508874626919,10.0,1.2593644469428012e-05,0.0003286330406839,3.5842960555560744e-05,0.0003770696457089,0.0,France,FRA,,,,Windows-10-10.0.26200-SP0,3.10.0,3.2.6,16,AMD Ryzen 9 4900HS with Radeon Graphics,1,1 x NVIDIA GeForce GTX 1660 Ti with Max-Q Design,,,15.41950225830078,machine,2.5,77.0,74.85714285714285,11.54352079119001,N,1.0,0.0
2026-06-05T18:35:33,opener-crossner_literature,9bfae41b-c323-4352-816c-5fdbe772bb8f,5b0fa12a-3dd7-45bb-9766-cc326314d9f1,28.33386109999992,2.585518105922986e-05,9.125188045490182e-07,3.489367047703704,52.3302992933962,10.0,1.4806181303574528e-05,0.000403217267018,4.3354896388892575e-05,0.0004613783447104,0.0,France,FRA,,,,Windows-10-10.0.26200-SP0,3.10.0,3.2.6,16,AMD Ryzen 9 4900HS with Radeon Graphics,1,1 x NVIDIA GeForce GTX 1660 Ti with Max-Q Design,,,15.41950225830078,machine,0.0,85.88461538461539,74.2576923076923,11.45091203542856,N,1.0,0.0
2026-06-05T18:36:16,opener-crossner_music,f252d37c-c947-4a4a-881d-354a2f1eea71,5b0fa12a-3dd7-45bb-9766-cc326314d9f1,41.327891299999465,3.7116241519602605e-05,8.980918298050954e-07,3.5969236075062496,50.96108682072708,10.0,2.1982893836781128e-05,0.000579184630014,6.116123861112201e-05,0.0006623287624619,0.0,France,FRA,,,,Windows-10-10.0.26200-SP0,3.10.0,3.2.6,16,AMD Ryzen 9 4900HS with Radeon Graphics,1,1 x NVIDIA GeForce GTX 1660 Ti with Max-Q Design,,,15.41950225830078,machine,0.0,87.1025641025641,74.08717948717947,11.4248652335925,N,1.0,0.0
2026-06-05T18:40:20,opener-crossner_politics,01d3b05d-e469-4949-8fb6-1f4b4c75f3b9,5b0fa12a-3dd7-45bb-9766-cc326314d9f1,242.50352479999856,0.0001220377738174,5.032412370835711e-07,4.004059508208158,25.24052008091395,10.0,0.0001354433095152,0.0017027480288639,0.0003395379897222,0.0021777293281014,0.0,France,FRA,,,,Windows-10-10.0.26200-SP0,3.10.0,3.2.6,16,AMD Ryzen 9 4900HS with Radeon Graphics,1,1 x NVIDIA GeForce GTX 1660 Ti with Max-Q Design,,,15.41950225830078,machine,2.1827731092436973,97.40506329113924,73.03823529411761,11.262243687605658,N,1.0,0.0
2026-06-05T18:44:45,opener-crossner_science,7170a773-de5e-4e7e-8fe7-28bfa7ac86e1,5b0fa12a-3dd7-45bb-9766-cc326314d9f1,262.82337180000104,0.0001219064221864,4.6383402416450473e-07,3.6808604005337817,22.94379048698536,10.0,0.0001350823278596,0.001672231337784,0.00036807173,0.0021753853956437,0.0,France,FRA,,,,Windows-10-10.0.26200-SP0,3.10.0,3.2.6,16,AMD Ryzen 9 4900HS with Radeon Graphics,1,1 x NVIDIA GeForce GTX 1660 Ti with Max-Q Design,,,15.41950225830078,machine,3.386434108527132,97.84496124031008,71.93604651162794,11.092656645663949,N,1.0,0.0
2026-06-05T18:47:59,opener-wnut17,e8b4604e-08f6-4c2d-a209-b662067e0951,5b0fa12a-3dd7-45bb-9766-cc326314d9f1,186.77417189999687,8.62960699381551e-05,4.620342794739305e-07,3.595840222938861,22.7906846476943,10.0,9.436939196082726e-05,0.0011831528909659,0.0002624065155555,0.0015399287984823,0.0,France,FRA,,,,Windows-10-10.0.26200-SP0,3.10.0,3.2.6,16,AMD Ryzen 9 4900HS with Radeon Graphics,1,1 x NVIDIA GeForce GTX 1660 Ti with Max-Q Design,,,15.41950225830078,machine,0.7546448087431695,94.81420765027322,69.97049180327868,10.788958544288176,N,1.0,0.0
2026-06-05T18:52:20,opener-mit_restaurant,6be2a41d-d0aa-4567-a941-9b030bc422c4,5b0fa12a-3dd7-45bb-9766-cc326314d9f1,255.75439440000264,0.0001178903995497,4.609516087740376e-07,3.5849939595416656,22.79221850943459,10.0,0.0001284291127444,0.00161718462708,0.0003581068752777,0.0021037206151021,0.0,France,FRA,,,,Windows-10-10.0.26200-SP0,3.10.0,3.2.6,16,AMD Ryzen 9 4900HS with Radeon Graphics,1,1 x NVIDIA GeForce GTX 1660 Ti with Max-Q Design,,,15.41950225830078,machine,1.7629482071713147,92.52988047808763,69.82310756972117,10.766494629392586,N,1.0,0.0
2026-06-05T19:03:57,opener-fabner,e6dda5b0-e01a-49ee-90bf-bb3af2bff318,5b0fa12a-3dd7-45bb-9766-cc326314d9f1,692.3926328999987,0.0003192473084882,4.610784305302064e-07,3.599652068137268,22.853507958375754,10.0,0.0003460968686262,0.0043897968451679,0.0009609836125001,0.0056968773262943,0.0,France,FRA,,,,Windows-10-10.0.26200-SP0,3.10.0,3.2.6,16,AMD Ryzen 9 4900HS with Radeon Graphics,1,1 x NVIDIA GeForce GTX 1660 Ti with Max-Q Design,,,15.41950225830078,machine,3.24384164222874,95.791788856305,71.06583577712608,10.95787602086221,N,1.0,0.0
2026-06-05T19:13:13,opener-bionlp2004,cb6ef8e9-6334-483f-8279-7319d0885fb6,5b0fa12a-3dd7-45bb-9766-cc326314d9f1,550.4876650999977,0.0002575553151117,4.678675498841413e-07,3.602871567308471,23.26463365357323,10.0,0.0002761099859718,0.003552708119942,0.0007671831630555,0.0045960012689694,0.0,France,FRA,,,,Windows-10-10.0.26200-SP0,3.10.0,3.2.6,16,AMD Ryzen 9 4900HS with Radeon Graphics,1,1 x NVIDIA GeForce GTX 1660 Ti with Max-Q Design,,,15.41950225830078,machine,2.738560885608857,96.88745387453876,69.2164206642065,10.67269893941844,N,1.0,0.0
2026-06-05T19:18:31,opener-conll2003,4abb1f40-b703-49a5-9ae8-9aee4fcc4e91,5b0fa12a-3dd7-45bb-9766-cc326314d9f1,312.715279,0.000147635616995,4.7210874207090603e-07,3.5992027400738595,23.53063102226145,10.0,0.0001570826703482,0.002039736909566,0.0004376959716666,0.0026345155515809,0.0,France,FRA,,,,Windows-10-10.0.26200-SP0,3.10.0,3.2.6,16,AMD Ryzen 9 4900HS with Radeon Graphics,1,1 x NVIDIA GeForce GTX 1660 Ti with Max-Q Design,,,15.41950225830078,machine,2.223778501628664,95.49511400651464,65.13973941368069,10.044330099894868,N,1.0,0.0
2026-06-06T02:42:37,debug,9561af19-d0d8-446d-b4c8-5489b4dfa0fa,5b0fa12a-3dd7-45bb-9766-cc326314d9f1,15.16090670000267,6.100247248956999e-06,4.023669144376388e-07,3.601003689125001,20.40441084619679,10.0,8.061439185233712e-06,7.85286739340002e-05,2.2267062222171164e-05,0.0001088571753414,0.0,France,FRA,,,,Windows-10-10.0.26200-SP0,3.10.0,3.2.6,16,AMD Ryzen 9 4900HS with Radeon Graphics,1,1 x NVIDIA GeForce GTX 1660 Ti with Max-Q Design,,,15.41950225830078,machine,3.207692307692308,65.84615384615384,51.23846153846153,7.902670640211839,N,1.0,0.0
2026-06-06T12:50:51,debug,66e51214-f6a5-47f4-a7c6-82aaa7c68ba4,5b0fa12a-3dd7-45bb-9766-cc326314d9f1,3.0350900999910664,2.449656154860026e-06,8.071115104185e-07,0.0588974566735387,42.70240257397215,8.0,4.039416749719744e-08,3.697447402400012e-05,6.69854844441741e-06,4.371341663591473e-05,0.0,France,FRA,,,,Windows-10-10.0.26200-SP0,3.10.0,3.2.6,16,AMD Ryzen 9 4900HS with Radeon Graphics,1,1 x NVIDIA GeForce GTX 1660 Ti with Max-Q Design,,,15.41950225830078,process,0.0,58.5,63.3,9.75665283203125,N,1.0,0.0
2026-06-06T13:23:12,gliner-mit_restaurant,b5c80029-2018-4fcc-ac79-732253beedec,5b0fa12a-3dd7-45bb-9766-cc326314d9f1,7.267259500004002,6.767486606233366e-06,9.312295241734024e-07,3.0946078595928275,49.60147322673337,8.0,6.259904513979e-06,9.842785652e-05,1.607611066668243e-05,0.0001207638717006,0.0,France,FRA,,,,Windows-10-10.0.26200-SP0,3.10.0,3.2.6,16,AMD Ryzen 9 4900HS with Radeon Graphics,1,1 x NVIDIA GeForce GTX 1660 Ti with Max-Q Design,,,15.41950225830078,process,7.142857142857143,36.142857142857146,57.10000000000001,8.802536010742188,N,1.0,0.0
2026-06-09T10:35:28,gliner-crossner_ai,8c26f293-947a-4636-9e8f-aafd19bcba9b,5b0fa12a-3dd7-45bb-9766-cc326314d9f1,64.37383399999817,3.8320181557655885e-05,5.952757382394992e-07,2.9359067827549192,27.48015759359443,8.0,5.214927685039569e-05,0.000489628725036,0.0001420347277778,0.0006838127296642,0.0,France,FRA,,,,Windows-10-10.0.26200-SP0,3.10.0,3.2.6,16,AMD Ryzen 9 4900HS with Radeon Graphics,1,1 x NVIDIA GeForce GTX 1660 Ti with Max-Q Design,,,15.41950225830078,process,0.0,91.7258064516129,87.2693548387097,13.457069581554782,N,1.0,0.0
2026-06-09T10:36:32,gliner-crossner_literature,7a365bee-1dbc-4188-8af5-3afb3a9b0c95,5b0fa12a-3dd7-45bb-9766-cc326314d9f1,63.61032680000062,3.745912236928186e-05,5.888842936942983e-07,2.894785658425462,26.958739694884656,8.0,5.089943758723626e-05,0.0004769631593479,0.0001405847766667,0.0006684473736019,0.0,France,FRA,,,,Windows-10-10.0.26200-SP0,3.10.0,3.2.6,16,AMD Ryzen 9 4900HS with Radeon Graphics,1,1 x NVIDIA GeForce GTX 1660 Ti with Max-Q Design,,,15.41950225830078,process,3.178688524590164,92.7377049180328,85.98360655737706,13.257182324518922,N,1.0,0.0
2026-06-09T10:37:47,gliner-crossner_music,91c3604f-9ee4-4846-8443-e6f7d3cf32f5,5b0fa12a-3dd7-45bb-9766-cc326314d9f1,73.90909109998029,4.296272824161986e-05,5.81291524523041e-07,2.785248414464418,26.65975902733128,8.0,5.686241518031503e-05,0.000546447381602,0.0001633478566665,0.0007666576534488,0.0,France,FRA,,,,Windows-10-10.0.26200-SP0,3.10.0,3.2.6,16,AMD Ryzen 9 4900HS with Radeon Graphics,1,1 x NVIDIA GeForce GTX 1660 Ti with Max-Q Design,,,15.41950225830078,process,2.672857142857143,93.47142857142858,86.1328571428571,13.281997626168389,N,1.0,0.0
2026-06-09T10:39:27,gliner-crossner_politics,ceb191b2-2699-447a-9294-5db512268eda,5b0fa12a-3dd7-45bb-9766-cc326314d9f1,99.92982729998766,5.80452848644189e-05,5.808604541081406e-07,2.836603868685562,26.66229780759408,8.0,7.824548746256719e-05,0.00073674503384,0.0002208110608887,0.0010358015821913,0.0,France,FRA,,,,Windows-10-10.0.26200-SP0,3.10.0,3.2.6,16,AMD Ryzen 9 4900HS with Radeon Graphics,1,1 x NVIDIA GeForce GTX 1660 Ti with Max-Q Design,,,15.41950225830078,process,4.355789473684211,93.54736842105264,86.26315789473684,13.302059936523438,N,1.0,0.0
2026-06-09T10:40:55,gliner-crossner_science,810dfa8a-a8c5-4700-a7ce-5d8286bb332f,5b0fa12a-3dd7-45bb-9766-cc326314d9f1,87.96407769998768,5.104191101974096e-05,5.802585823024904e-07,2.8329703129774004,26.67610004444431,8.0,6.895495348087022e-05,0.0006474449623999,0.0001944284539997,0.0009108283698806,0.0,France,FRA,,,,Windows-10-10.0.26200-SP0,3.10.0,3.2.6,16,AMD Ryzen 9 4900HS with Radeon Graphics,1,1 x NVIDIA GeForce GTX 1660 Ti with Max-Q Design,,,15.41950225830078,process,3.538095238095238,93.70238095238096,68.88333333333334,10.62235977536156,N,1.0,0.0
2026-06-09T10:42:36,gliner-wnut17,6ffa434c-487d-43c5-865f-3fef068e9bae,5b0fa12a-3dd7-45bb-9766-cc326314d9f1,96.7002952999901,5.633663519018213e-05,5.825901049775583e-07,2.9026644475384704,26.60472328200207,8.0,7.759987437769762e-05,0.000713841682184,0.0002138696586666,0.0010053112152283,0.0,France,FRA,,,,Windows-10-10.0.26200-SP0,3.10.0,3.2.6,16,AMD Ryzen 9 4900HS with Radeon Graphics,1,1 x NVIDIA GeForce GTX 1660 Ti with Max-Q Design,,,15.41950225830078,process,3.2623655913978493,93.33333333333331,66.92150537634413,10.31943856516192,N,1.0,0.0
2026-06-09T10:44:51,gliner-mit_restaurant,45a0b69e-a353-4fa0-ac64-f033986fd457,5b0fa12a-3dd7-45bb-9766-cc326314d9f1,131.9672286999994,7.683061738056579e-05,5.821946716424919e-07,2.8909049061949785,26.58504225089785,8.0,0.0001054820720814,0.0009736102233319,0.0002919281971107,0.0013710204925242,0.0,France,FRA,,,,Windows-10-10.0.26200-SP0,3.10.0,3.2.6,16,AMD Ryzen 9 4900HS with Radeon Graphics,1,1 x NVIDIA GeForce GTX 1660 Ti with Max-Q Design,,,15.41950225830078,process,2.4688,92.448,66.2792,10.219805969238282,N,1.0,0.0
2026-06-09T10:47:20,gliner-mit_movie,e8bb1e6b-c93b-446f-a8f0-fdb5aace7a35,5b0fa12a-3dd7-45bb-9766-cc326314d9f1,146.3212857999897,8.483399829063629e-05,5.797789284506291e-07,2.918584834084968,26.43419923018364,8.0,0.0001180696516282,0.0010723853023519,0.0003233835922221,0.0015138385462024,0.0,France,FRA,,,,Windows-10-10.0.26200-SP0,3.10.0,3.2.6,16,AMD Ryzen 9 4900HS with Radeon Graphics,1,1 x NVIDIA GeForce GTX 1660 Ti with Max-Q Design,,,15.41950225830078,process,6.155633802816901,93.11267605633805,68.60000000000001,10.57802850427762,N,1.0,0.0
2026-06-09T10:49:53,gliner-fabner,7cc1c171-774c-42cf-801f-5e23d5507d9d,5b0fa12a-3dd7-45bb-9766-cc326314d9f1,149.42927699998836,8.637856646604611e-05,5.780565107469056e-07,2.856484424144442,26.2654797180399,8.0,0.0001179106429021,0.0010932917079659,0.0003301985746666,0.0015414009255348,0.0,France,FRA,,,,Windows-10-10.0.26200-SP0,3.10.0,3.2.6,16,AMD Ryzen 9 4900HS with Radeon Graphics,1,1 x NVIDIA GeForce GTX 1660 Ti with Max-Q Design,,,15.41950225830078,process,4.937062937062937,93.86713286713288,68.35174825174829,10.540123812802188,N,1.0,0.0
2026-06-09T10:52:21,gliner-bionlp2004,5dd343f8-f987-4c0a-8a4b-fa9aa44c0795,5b0fa12a-3dd7-45bb-9766-cc326314d9f1,144.9499933999905,8.357710553434238e-05,5.765926825792312e-07,2.8230592397230367,26.307572617393088,8.0,0.0001131439273943,0.001057615012758,0.0003206507126669,0.0014914096528193,0.0,France,FRA,,,,Windows-10-10.0.26200-SP0,3.10.0,3.2.6,16,AMD Ryzen 9 4900HS with Radeon Graphics,1,1 x NVIDIA GeForce GTX 1660 Ti with Max-Q Design,,,15.41950225830078,process,5.472142857142856,93.80714285714286,66.69214285714291,10.284336389814104,N,1.0,0.0
2026-06-09T10:54:37,gliner-conll2003,cca35776-0a71-431c-a8bc-04fe3303369b,5b0fa12a-3dd7-45bb-9766-cc326314d9f1,134.01267880000523,7.704565830303276e-05,5.749132021904614e-07,2.802743565064979,25.83071775295232,8.0,0.0001040245173879,0.0009745227240619,0.0002963105951108,0.0013748578365608,0.0,France,FRA,,,,Windows-10-10.0.26200-SP0,3.10.0,3.2.6,16,AMD Ryzen 9 4900HS with Radeon Graphics,1,1 x NVIDIA GeForce GTX 1660 Ti with Max-Q Design,,,15.41950225830078,process,5.278294573643412,92.95348837209302,67.57984496124027,10.420934041341146,N,1.0,0.0
2026-06-09T10:57:06,gliner-gum,92ffef8f-8f56-4ddf-8707-a8df9fc8c2dc,5b0fa12a-3dd7-45bb-9766-cc326314d9f1,148.4271015000122,8.533149609778869e-05,5.749050896731394e-07,2.8135432512106773,26.19640246542154,8.0,0.0001154418990765,0.001078980585406,0.0003282937684446,0.0015227162529272,0.0,France,FRA,,,,Windows-10-10.0.26200-SP0,3.10.0,3.2.6,16,AMD Ryzen 9 4900HS with Radeon Graphics,1,1 x NVIDIA GeForce GTX 1660 Ti with Max-Q Design,,,15.41950225830078,process,6.551408450704225,93.82394366197182,71.13732394366201,10.969008405443647,N,1.0,0.0
2026-06-09T10:59:25,gliner-gentle,70ac2783-49fe-4e74-8262-e742861db5aa,5b0fa12a-3dd7-45bb-9766-cc326314d9f1,138.9802888999984,7.98803536230865e-05,5.747603077769068e-07,2.848391183940548,26.159846803138283,8.0,0.0001093423124309,0.0010088055292659,0.0003072943257772,0.0014254421674741,0.0,France,FRA,,,,Windows-10-10.0.26200-SP0,3.10.0,3.2.6,16,AMD Ryzen 9 4900HS with Radeon Graphics,1,1 x NVIDIA GeForce GTX 1660 Ti with Max-Q Design,,,15.41950225830078,process,5.26044776119403,93.35820895522389,71.5485074626866,11.032720195713328,N,1.0,0.0
2026-06-09T14:32:16,opener-e2e-crossner_ai,86bbe381-c3f5-4210-8ca2-96f8cc7d0efe,5b0fa12a-3dd7-45bb-9766-cc326314d9f1,3.859982299996773,3.5014167706839098e-06,9.07106949865246e-07,4.451339024281944,46.66018592050558,8.0,4.636174584172698e-06,4.932309501399999e-05,8.522515777795989e-06,6.248178537596869e-05,0.0,France,FRA,,,,Windows-10-10.0.26200-SP0,3.10.0,3.2.6,16,AMD Ryzen 9 4900HS with Radeon Graphics,1,1 x NVIDIA GeForce GTX 1660 Ti with Max-Q Design,,,15.41950225830078,process,0.0,61.66666666666666,63.4,9.776182810465494,N,1.0,0.0
2026-06-09T14:34:08,opener-e2e-crossner_ai,07294bb7-71c4-4e2e-bbe6-4c0bd453331c,5b0fa12a-3dd7-45bb-9766-cc326314d9f1,49.12733849999495,4.8387360300594985e-05,9.849375475652922e-07,2.885277680051721,52.37116134771382,8.0,3.919258667602155e-05,0.0007156455725159,0.000108620508889,0.000863458668081,0.0,France,FRA,,,,Windows-10-10.0.26200-SP0,3.10.0,3.2.6,16,AMD Ryzen 9 4900HS with Radeon Graphics,1,1 x NVIDIA GeForce GTX 1660 Ti with Max-Q Design,,,15.41950225830078,process,4.166666666666667,73.77083333333333,64.52499999999999,9.951062440872192,N,1.0,0.0
2026-06-09T14:37:47,opener-e2e-crossner_literature,470d5b40-a7dc-4885-92ae-ffb0c9486a6a,5b0fa12a-3dd7-45bb-9766-cc326314d9f1,212.1914891999913,0.0001212227136201,5.712892353846605e-07,2.9286720670864863,25.943788377203013,8.0,0.0001712637682422,0.001522538440252,0.0004693826024445,0.0021631848109387,0.0,France,FRA,,,,Windows-10-10.0.26200-SP0,3.10.0,3.2.6,16,AMD Ryzen 9 4900HS with Radeon Graphics,1,1 x NVIDIA GeForce GTX 1660 Ti with Max-Q Design,,,15.41950225830078,process,2.302030456852792,96.45685279187818,64.96751269035543,10.01783188950592,N,1.0,0.0
2026-06-09T15:14:30,gner-crossner_ai,5a5ccfc1-0951-451e-af49-3ace8b5da180,5b0fa12a-3dd7-45bb-9766-cc326314d9f1,15.484584600024393,1.5500552733390715e-05,1.0010312277519087e-06,3.378865792464329,52.98858071782895,8.0,1.4474476176802914e-05,0.000227966015706,3.416245844447986e-05,0.0002766029503272,0.0,France,FRA,,,,Windows-10-10.0.26200-SP0,3.10.0,3.2.6,16,AMD Ryzen 9 4900HS with Radeon Graphics,1,1 x NVIDIA GeForce GTX 1660 Ti with Max-Q Design,,,15.41950225830078,process,10.0,94.4,71.26666666666667,10.989369964599607,N,1.0,0.0
2026-06-09T15:15:01,opener-e2e-crossner_music,aa5e74fe-dc87-4da9-9c0a-fb69c18e8007,5b0fa12a-3dd7-45bb-9766-cc326314d9f1,2194.4678536000138,0.0012756623786898,5.813083005964952e-07,2.9714122538584355,30.11334982853391,8.0,0.0019410147966974,0.01594956275964,0.0048732543944443,0.0227638319507818,0.0,France,FRA,,,,Windows-10-10.0.26200-SP0,3.10.0,3.2.6,16,AMD Ryzen 9 4900HS with Radeon Graphics,1,1 x NVIDIA GeForce GTX 1660 Ti with Max-Q Design,,,15.41950225830078,process,3.879710144927536,95.1256038647343,68.74492753623186,10.59992405988168,N,1.0,0.0
2026-06-09T15:16:08,gner-crossner_ai,93952bab-49b9-40b6-b355-0b46f0401eff,5b0fa12a-3dd7-45bb-9766-cc326314d9f1,23.43172799999593,2.1966106185868606e-05,9.374513986280664e-07,2.824006231268703,49.49672392256114,8.0,1.82762864283362e-05,0.0003219327575459,5.176986688896756e-05,0.0003919789108633,0.0,France,FRA,,,,Windows-10-10.0.26200-SP0,3.10.0,3.2.6,16,AMD Ryzen 9 4900HS with Radeon Graphics,1,1 x NVIDIA GeForce GTX 1660 Ti with Max-Q Design,,,15.41950225830078,process,5.434782608695652,95.17391304347828,75.7086956521739,11.672182663627291,N,1.0,0.0
2026-06-09T15:17:07,opener-e2e-crossner_politics,29057de5-8a7e-4d01-9b0d-7fb919c460bd,5b0fa12a-3dd7-45bb-9766-cc326314d9f1,109.44900950000738,0.0001059015135238,9.67587683138055e-07,2.924636387784961,51.36077598998705,8.0,8.845777089100863e-05,0.0015594709697979,0.0002418536166668,0.0018897823573558,0.0,France,FRA,,,,Windows-10-10.0.26200-SP0,3.10.0,3.2.6,16,AMD Ryzen 9 4900HS with Radeon Graphics,1,1 x NVIDIA GeForce GTX 1660 Ti with Max-Q Design,,,15.41950225830078,process,2.2222222222222223,87.05555555555556,71.77222222222225,11.066494871068883,N,1.0,0.0
2026-06-09T15:19:32,opener-e2e-crossner_science,00cb8643-4632-46a8-92da-cae03526f146,5b0fa12a-3dd7-45bb-9766-cc326314d9f1,129.92024589999346,0.0001236348985572,9.516214944086336e-07,2.8762878065170923,50.35695659703023,8.0,0.0001032494287755,0.001815873952698,0.0002871061828885,0.0022062295643621,0.0,France,FRA,,,,Windows-10-10.0.26200-SP0,3.10.0,3.2.6,16,AMD Ryzen 9 4900HS with Radeon Graphics,1,1 x NVIDIA GeForce GTX 1660 Ti with Max-Q Design,,,15.41950225830078,process,5.216535433070865,94.11023622047244,74.74960629921256,11.526536686213936,N,1.0,0.0
2026-06-09T15:19:47,gner-crossner_ai,6944fa54-d7c1-4709-997b-2bfe0520d7fc,5b0fa12a-3dd7-45bb-9766-cc326314d9f1,122.38929890000144,0.0001137048740868,9.290426132744058e-07,2.8259821654718107,48.937695445627256,8.0,9.558379524633616e-05,0.001662887996976,0.0002705593126667,0.002029031104889,0.0,France,FRA,,,,Windows-10-10.0.26200-SP0,3.10.0,3.2.6,16,AMD Ryzen 9 4900HS with Radeon Graphics,1,1 x NVIDIA GeForce GTX 1660 Ti with Max-Q Design,,,15.41950225830078,process,0.9917355371900828,91.6694214876033,75.62561983471076,11.661099709755131,N,1.0,0.0
2026-06-09T15:21:32,opener-e2e-wnut17,4bc39eec-c01a-48ac-88ae-550d2de4c0f5,5b0fa12a-3dd7-45bb-9766-cc326314d9f1,77.66427520001889,7.098137765522441e-05,9.139514593088888e-07,2.800045939735285,48.03822579670939,8.0,6.005757877990905e-05,0.00103496888353,0.0001716160126668,0.0012666424749767,0.0,France,FRA,,,,Windows-10-10.0.26200-SP0,3.10.0,3.2.6,16,AMD Ryzen 9 4900HS with Radeon Graphics,1,1 x NVIDIA GeForce GTX 1660 Ti with Max-Q Design,,,15.41950225830078,process,5.8,62.10526315789474,73.0434210526316,11.2617557425248,N,1.0,0.0
2026-06-09T15:24:17,opener-e2e-mit_restaurant,bb973d40-dbac-4142-8e2f-fa227961c26f,5b0fa12a-3dd7-45bb-9766-cc326314d9f1,102.03303540000344,9.318897545766706e-05,9.133216030703712e-07,2.839311300997491,47.94206291101521,8.0,8.005124822706486e-05,0.0013573341414219,0.0002255453453331,0.0016629307349821,0.0,France,FRA,,,,Windows-10-10.0.26200-SP0,3.10.0,3.2.6,16,AMD Ryzen 9 4900HS with Radeon Graphics,1,1 x NVIDIA GeForce GTX 1660 Ti with Max-Q Design,,,15.41950225830078,process,6.610891089108909,53.613861386138616,78.36336633663367,12.083868989850036,N,1.0,0.0
2026-06-09T15:28:05,opener-e2e-mit_movie,8c4e3e86-fe78-4928-9a28-df11ba75056d,5b0fa12a-3dd7-45bb-9766-cc326314d9f1,124.34045879999758,0.00011557280821,9.2948674410098e-07,2.84728448351577,48.983843956463936,8.0,9.775704573519096e-05,0.00168997635198,0.0002746304597774,0.0020623638574926,0.0,France,FRA,,,,Windows-10-10.0.26200-SP0,3.10.0,3.2.6,16,AMD Ryzen 9 4900HS with Radeon Graphics,1,1 x NVIDIA GeForce GTX 1660 Ti with Max-Q Design,,,15.41950225830078,process,6.001626016260164,58.50406504065041,81.09268292682928,12.504386250565693,N,1.0,0.0
2026-06-09T15:31:38,opener-e2e-fabner,06f3ca52-a692-4613-bb3f-d903b4c91e4a,5b0fa12a-3dd7-45bb-9766-cc326314d9f1,96.98298860000796,9.31941299320547e-05,9.609327499322604e-07,2.8708393949005298,50.95256272158452,8.0,7.69738533608255e-05,0.001371632208416,0.0002144166533332,0.00166302271511,0.0,France,FRA,,,,Windows-10-10.0.26200-SP0,3.10.0,3.2.6,16,AMD Ryzen 9 4900HS with Radeon Graphics,1,1 x NVIDIA GeForce GTX 1660 Ti with Max-Q Design,,,15.41950225830078,process,8.92421052631579,73.08421052631579,79.22736842105266,12.216504428261205,N,1.0,0.0
2026-06-09T15:35:18,opener-e2e-bionlp2004,2f0da703-ad41-4227-a3de-287fa1d5f782,5b0fa12a-3dd7-45bb-9766-cc326314d9f1,126.45366929998272,0.0001164816842075,9.211411962369184e-07,2.8488734867688263,48.43655516137971,8.0,9.949261334776823e-05,0.0016997191375519,0.00027937074,0.0020785824908997,0.0,France,FRA,,,,Windows-10-10.0.26200-SP0,3.10.0,3.2.6,16,AMD Ryzen 9 4900HS with Radeon Graphics,1,1 x NVIDIA GeForce GTX 1660 Ti with Max-Q Design,,,15.41950225830078,process,11.838399999999998,64.616,78.28240000000002,12.070036041259764,N,1.0,0.0
2026-06-09T15:38:15,opener-e2e-conll2003,12fe1ad1-cf86-4126-acca-16fb26dd3668,5b0fa12a-3dd7-45bb-9766-cc326314d9f1,107.88986350002232,9.546537868518637e-05,8.848410368520541e-07,2.8343163802017224,46.12872913452692,8.0,8.447196306342046e-05,0.0013806319378379,0.0002384486015555,0.0017035525024569,0.0,France,FRA,,,,Windows-10-10.0.26200-SP0,3.10.0,3.2.6,16,AMD Ryzen 9 4900HS with Radeon Graphics,1,1 x NVIDIA GeForce GTX 1660 Ti with Max-Q Design,,,15.41950225830078,process,9.779245283018868,53.65094339622642,78.76698113207543,12.14531041991036,N,1.0,0.0
2026-06-09T15:41:45,opener-e2e-gum,6e2a7e07-274f-4019-b1cf-37007f5134b7,5b0fa12a-3dd7-45bb-9766-cc326314d9f1,112.55352720001248,0.0001081047431828,9.604740595177675e-07,2.906816137313693,50.9113466099824,8.0,9.039732520552704e-05,0.0015898829385719,0.0002488180995558,0.0019290983633333,0.0,France,FRA,,,,Windows-10-10.0.26200-SP0,3.10.0,3.2.6,16,AMD Ryzen 9 4900HS with Radeon Graphics,1,1 x NVIDIA GeForce GTX 1660 Ti with Max-Q Design,,,15.41950225830078,process,10.449549549549545,76.29729729729729,65.33423423423417,10.073808790327192,N,1.0,0.0
2026-06-09T15:45:06,opener-e2e-gentle,d9592f49-9bfa-47a0-8cf0-0071392b9ea9,5b0fa12a-3dd7-45bb-9766-cc326314d9f1,109.38424700000904,0.0001019392494677,9.319372054342848e-07,2.8867307027474496,49.09655753126831,8.0,8.71878155682576e-05,0.0014900431364779,0.0002418459313335,0.0018190768833798,0.0,France,FRA,,,,Windows-10-10.0.26200-SP0,3.10.0,3.2.6,16,AMD Ryzen 9 4900HS with Radeon Graphics,1,1 x NVIDIA GeForce GTX 1660 Ti with Max-Q Design,,,15.41950225830078,process,7.075000000000001,66.52777777777777,64.19166666666669,9.898356331719292,N,1.0,0.0
2026-06-09T18:04:05,gner-crossner_ai,5cfefaa3-21a9-4283-8843-945e7660e4a0,5b0fa12a-3dd7-45bb-9766-cc326314d9f1,17.49320969998371,9.678209423903774e-06,5.532552110155512e-07,2.458985711585412,25.16625493674767,8.0,1.191360332407868e-05,0.0001220903754499,3.870091288893794e-05,0.000172704891663,0.0,France,FRA,,,,Windows-10-10.0.26200-SP0,3.10.0,3.2.6,16,AMD Ryzen 9 4900HS with Radeon Graphics,1,1 x NVIDIA GeForce GTX 1660 Ti with Max-Q Design,,,15.41950225830078,process,0.0,28.764705882352946,94.89411764705882,14.632293476777916,N,1.0,0.0
2026-06-09T18:05:36,gner-crossner_ai,05909ab7-e503-4845-9c98-eea01bb30d9c,5b0fa12a-3dd7-45bb-9766-cc326314d9f1,3.715380600013305,2.1049473646402627e-06,5.665495924247236e-07,2.347929418877788,26.18894578811128,8.0,2.3625692761960394e-06,2.6981966029999624e-05,8.217651111125532e-06,3.756218641732119e-05,0.0,France,FRA,,,,Windows-10-10.0.26200-SP0,3.10.0,3.2.6,16,AMD Ryzen 9 4900HS with Radeon Graphics,1,1 x NVIDIA GeForce GTX 1660 Ti with Max-Q Design,,,15.41950225830078,process,0.0,29.666666666666668,88.36666666666667,13.625174204508465,N,1.0,0.0
2026-06-09T18:19:38,gner-crossner_ai,ae79a891-0eba-473b-b86c-a08177047c9b,5b0fa12a-3dd7-45bb-9766-cc326314d9f1,595.7993919000146,0.0003447503395585,5.786349302223202e-07,2.8819969764372564,26.36207630854956,8.0,0.0004747125963753,0.0043595951543399,0.0013176639039994,0.0061519716547148,0.0,France,FRA,,,,Windows-10-10.0.26200-SP0,3.10.0,3.2.6,16,AMD Ryzen 9 4900HS with Radeon Graphics,1,1 x NVIDIA GeForce GTX 1660 Ti with Max-Q Design,,,15.41950225830078,process,3.617428087986464,82.09813874788495,67.13857868020327,10.35283492422346,N,1.0,0.0
2026-06-09T18:31:42,gner-crossner_literature,a0cebc5a-a259-496d-989c-2d743877c699,5b0fa12a-3dd7-45bb-9766-cc326314d9f1,411.88507439999375,0.0002509041001772,6.091604570590125e-07,2.8285324038426074,28.39377642038961,8.0,0.000322273176123,0.0032436442615799,0.0009113947944439,0.0044773122321469,0.0,France,FRA,,,,Windows-10-10.0.26200-SP0,3.10.0,3.2.6,16,AMD Ryzen 9 4900HS with Radeon Graphics,1,1 x NVIDIA GeForce GTX 1660 Ti with Max-Q Design,,,15.41950225830078,process,4.828186274509804,30.1593137254902,49.02450980392148,7.559330201616474,N,1.0,0.0
2026-06-09T20:31:50,gner-crossner_ai,3e19ee18-86ca-4f9b-a5f8-ed6ad6987bf7,5b0fa12a-3dd7-45bb-9766-cc326314d9f1,244.9287892000284,0.0001428898916873,5.833936147482468e-07,2.8281791880640226,26.713956348016563,8.0,0.0001916618709038,0.001816049786172,0.0005421177775556,0.0025498294346315,0.0,France,FRA,,,,Windows-10-10.0.26200-SP0,3.10.0,3.2.6,16,AMD Ryzen 9 4900HS with Radeon Graphics,1,1 x NVIDIA GeForce GTX 1660 Ti with Max-Q Design,,,15.41950225830078,process,1.3720164609053498,76.39506172839506,56.00493827160504,8.635998635625644,N,1.0,0.0
2026-06-09T20:44:58,gner-crossner_literature,9c59a720-b79e-49aa-82db-1eafedca3fcf,5b0fa12a-3dd7-45bb-9766-cc326314d9f1,368.5490627000109,0.0002093469013352,5.680299382708339e-07,2.852183849716953,25.65120044544128,8.0,0.0002908453097458,0.00262920349225,0.0008156870486664,0.0037357358506622,0.0,France,FRA,,,,Windows-10-10.0.26200-SP0,3.10.0,3.2.6,16,AMD Ryzen 9 4900HS with Radeon Graphics,1,1 x NVIDIA GeForce GTX 1660 Ti with Max-Q Design,,,15.41950225830078,process,1.2441095890410958,75.79178082191781,55.5835616438356,8.570233917236328,N,1.0,0.0
2026-06-09T21:16:29,gner-crossner_music,30585abd-e9d9-422d-b278-f153236f50d5,5b0fa12a-3dd7-45bb-9766-cc326314d9f1,515.9898688000103,0.0003065950171858,5.941880562478919e-07,2.8426079572134086,27.40361308287781,8.0,0.0004054423932292,0.003924637584152,0.0011410208128877,0.0054711007902689,0.0,France,FRA,,,,Windows-10-10.0.26200-SP0,3.10.0,3.2.6,16,AMD Ryzen 9 4900HS with Radeon Graphics,1,1 x NVIDIA GeForce GTX 1660 Ti with Max-Q Design,,,15.41950225830078,process,4.231311154598825,50.17416829745597,74.86868884540134,11.54409598184425,N,1.0,0.0
2026-06-09T21:31:36,gner-crossner_politics,060cd39a-6468-40dd-86dc-e60a591504a1,5b0fa12a-3dd7-45bb-9766-cc326314d9f1,453.6815360999899,0.0002802990215575,6.17832111853318e-07,2.8446157357294632,28.912625964161418,8.0,0.0003568408403114,0.0036415168021,0.0010034985926661,0.0050018562350776,0.0,France,FRA,,,,Windows-10-10.0.26200-SP0,3.10.0,3.2.6,16,AMD Ryzen 9 4900HS with Radeon Graphics,1,1 x NVIDIA GeForce GTX 1660 Ti with Max-Q Design,,,15.41950225830078,process,7.405790645879736,30.521158129175948,65.83630289532312,10.151194931404095,N,1.0,0.0
2026-06-09T21:45:29,gner-crossner_science,267ae2e7-52fd-4ecc-bd09-253392d233b6,5b0fa12a-3dd7-45bb-9766-cc326314d9f1,475.7765042000101,0.0002956141091415,6.213297767585536e-07,2.8471956596268546,29.13822061258486,8.0,0.0003745134850182,0.003848393078712,0.0010522430488887,0.005275149612619,0.0,France,FRA,,,,Windows-10-10.0.26200-SP0,3.10.0,3.2.6,16,AMD Ryzen 9 4900HS with Radeon Graphics,1,1 x NVIDIA GeForce GTX 1660 Ti with Max-Q Design,,,15.41950225830078,process,10.934819532908715,30.515923566878985,66.04649681528659,10.184274361644832,N,1.0,0.0
2026-06-09T21:53:01,gner-wnut17,de86f766-00b9-4ac5-b71e-1bd62d0e3a22,5b0fa12a-3dd7-45bb-9766-cc326314d9f1,188.23219380000955,0.0001072659348303,5.69859664624307e-07,2.8424780843269613,25.846202579624443,8.0,0.0001478763892975,0.001350035524472,0.0004162181533331,0.0019141300671027,0.0,France,FRA,,,,Windows-10-10.0.26200-SP0,3.10.0,3.2.6,16,AMD Ryzen 9 4900HS with Radeon Graphics,1,1 x NVIDIA GeForce GTX 1660 Ti with Max-Q Design,,,15.41950225830078,process,11.534946236559142,62.623655913978496,65.82795698924726,10.150038401285808,N,1.0,0.0
2026-06-09T21:58:43,gner-mit_restaurant,c86c3277-9284-4a2d-8ab7-c11762daafb1,5b0fa12a-3dd7-45bb-9766-cc326314d9f1,104.7497739000246,6.102388655766383e-05,5.825681935686689e-07,2.832306982846202,26.62620189466164,8.0,8.202211407145098e-05,0.000775225342402,0.0002317064248888,0.0010889538813623,0.0,France,FRA,,,,Windows-10-10.0.26200-SP0,3.10.0,3.2.6,16,AMD Ryzen 9 4900HS with Radeon Graphics,1,1 x NVIDIA GeForce GTX 1660 Ti with Max-Q Design,,,15.41950225830078,process,13.208737864077664,62.95145631067961,64.79029126213588,9.989508508478554,N,1.0,0.0
2026-06-09T22:10:19,gner-mit_movie,5f717f2b-f5e9-4243-acd0-2969453667ce,5b0fa12a-3dd7-45bb-9766-cc326314d9f1,222.4220449000132,0.0001333364577856,5.994750108764921e-07,2.8349128106326043,27.747528351630184,8.0,0.0001743297188242,0.001713100259368,0.0004919211484446,0.0023793511266369,0.0,France,FRA,,,,Windows-10-10.0.26200-SP0,3.10.0,3.2.6,16,AMD Ryzen 9 4900HS with Radeon Graphics,1,1 x NVIDIA GeForce GTX 1660 Ti with Max-Q Design,,,15.41950225830078,process,11.063181818181814,38.68636363636364,61.05636363636352,9.415365825999867,N,1.0,0.0
2026-06-09T22:21:49,gner-fabner,1fe3e768-5987-4d3a-959c-93186018e940,5b0fa12a-3dd7-45bb-9766-cc326314d9f1,281.76466630000505,0.0001761419201544,6.251384265723964e-07,2.8349815423229625,29.411306799944885,8.0,0.0002207810523741,0.002299292950544,0.000623128412444,0.0031432024153621,0.0,France,FRA,,,,Windows-10-10.0.26200-SP0,3.10.0,3.2.6,16,AMD Ryzen 9 4900HS with Radeon Graphics,1,1 x NVIDIA GeForce GTX 1660 Ti with Max-Q Design,,,15.41950225830078,process,13.160573476702533,28.70250896057348,60.99032258064495,9.40439689116666,N,1.0,0.0
2026-06-09T22:35:56,gner-bionlp2004,981d3d87-32ab-4aee-a212-05cf11df3050,5b0fa12a-3dd7-45bb-9766-cc326314d9f1,366.8982928000041,0.0002277292589804,6.206877040570051e-07,2.830686504957357,29.11829590321804,8.0,0.0002869356290612,0.002965952928316,0.0008108752317779,0.0040637637891552,0.0,France,FRA,,,,Windows-10-10.0.26200-SP0,3.10.0,3.2.6,16,AMD Ryzen 9 4900HS with Radeon Graphics,1,1 x NVIDIA GeForce GTX 1660 Ti with Max-Q Design,,,15.41950225830078,process,14.505801104972395,26.85082872928177,72.94861878453045,11.248286484354768,N,1.0,0.0
2026-06-09T22:46:07,gner-conll2003,377bf17d-14b7-43dd-b9a1-37150a6d62c2,5b0fa12a-3dd7-45bb-9766-cc326314d9f1,260.1227448999998,0.000162183698941,6.234891108941633e-07,2.847837718403261,29.278822129981325,8.0,0.0002046510763414,0.0021147122473239,0.0005747586082222,0.0028941219318876,0.0,France,FRA,,,,Windows-10-10.0.26200-SP0,3.10.0,3.2.6,16,AMD Ryzen 9 4900HS with Radeon Graphics,1,1 x NVIDIA GeForce GTX 1660 Ti with Max-Q Design,,,15.41950225830078,process,17.697665369649805,26.237354085603112,74.2451361867705,11.447940900631917,N,1.0,0.0
2026-06-09T23:09:55,gner-gum,2cd9a0d4-360e-4df7-a817-ee5e7b264c2d,5b0fa12a-3dd7-45bb-9766-cc326314d9f1,233.5554268000124,0.0001387268840686,5.939784228926514e-07,2.8701996761321102,27.3525920214402,8.0,0.0001853141998885,0.001773811974604,0.0005164155744446,0.0024755417489371,0.0,France,FRA,,,,Windows-10-10.0.26200-SP0,3.10.0,3.2.6,16,AMD Ryzen 9 4900HS with Radeon Graphics,1,1 x NVIDIA GeForce GTX 1660 Ti with Max-Q Design,,,15.41950225830078,process,16.1969696969697,30.58008658008658,72.94761904761913,11.248224712553478,N,1.0,0.0
2026-06-09T23:17:36,gner-gentle,ccf5d031-4a68-46e9-b039-fd67198009a7,5b0fa12a-3dd7-45bb-9766-cc326314d9f1,163.87415069999406,9.506653354027298e-05,5.801191532294326e-07,2.780386465670569,26.5553315930524,8.0,0.0001259792551407,0.001207966799706,0.0003624891695554,0.0016964352244021,0.0,France,FRA,,,,Windows-10-10.0.26200-SP0,3.10.0,3.2.6,16,AMD Ryzen 9 4900HS with Radeon Graphics,1,1 x NVIDIA GeForce GTX 1660 Ti with Max-Q Design,,,15.41950225830078,process,18.18641975308641,47.623456790123456,67.9160493827161,10.472526762220594,N,1.0,0.0
2026-06-09T23:20:10,gliner-crossner_ai,ec0c902d-00df-4cfa-b7ea-0417e52c52cb,5b0fa12a-3dd7-45bb-9766-cc326314d9f1,10.2139720999985,1.0496518359374292e-05,1.0276627208895383e-06,3.294904969650673,61.62997828934105,8.0,1.0038837650370144e-05,0.0001547015126499,2.2567031333391146e-05,0.0001873073816337,0.0,France,FRA,,,,Windows-10-10.0.26200-SP0,3.10.0,3.2.6,16,AMD Ryzen 9 4900HS with Radeon Graphics,1,1 x NVIDIA GeForce GTX 1660 Ti with Max-Q Design,,,15.41950225830078,process,0.0,40.1,67.12000000000002,10.349158096313475,N,1.0,0.0
2026-06-09T23:20:19,gliner-crossner_literature,9ce0edd8-573b-4f6c-86b4-57b18dd058a3,5b0fa12a-3dd7-45bb-9766-cc326314d9f1,9.266001300013158,9.796961861810316e-06,1.057302016760607e-06,2.600462991975044,57.514139567012,8.0,6.614769368642802e-06,0.000147728729294,2.048049644450657e-05,0.0001748239951071,0.0,France,FRA,,,,Windows-10-10.0.26200-SP0,3.10.0,3.2.6,16,AMD Ryzen 9 4900HS with Radeon Graphics,1,1 x NVIDIA GeForce GTX 1660 Ti with Max-Q Design,,,15.41950225830078,process,0.0,45.888888888888886,67.01111111111112,10.334793090820312,N,1.0,0.0
2026-06-09T23:20:29,gliner-crossner_music,e94411e5-515a-4b9c-836f-1f0a6d00069c,5b0fa12a-3dd7-45bb-9766-cc326314d9f1,10.248116400005529,1.0908499014928256e-05,1.0644394139514624e-06,3.011678337770196,61.34082868743021,8.0,8.446308523066795e-06,0.000163544297502,2.2668453111028712e-05,0.0001946590591361,0.0,France,FRA,,,,Windows-10-10.0.26200-SP0,3.10.0,3.2.6,16,AMD Ryzen 9 4900HS with Radeon Graphics,1,1 x NVIDIA GeForce GTX 1660 Ti with Max-Q Design,,,15.41950225830078,process,0.0,50.7,66.88999999999999,10.314326095581055,N,1.0,0.0
2026-06-09T23:20:44,gliner-crossner_politics,80843126-c94e-4138-b021-592b3f887d8a,5b0fa12a-3dd7-45bb-9766-cc326314d9f1,14.19639399999869,1.5017912246052538e-05,1.0578680928448395e-06,2.837314627172791,61.08845142774204,8.0,1.0993480223587952e-05,0.000225581847132,3.1415040888888246e-05,0.0002679903682444,0.0,France,FRA,,,,Windows-10-10.0.26200-SP0,3.10.0,3.2.6,16,AMD Ryzen 9 4900HS with Radeon Graphics,1,1 x NVIDIA GeForce GTX 1660 Ti with Max-Q Design,,,15.41950225830078,process,7.142857142857143,49.42857142857143,66.66428571428573,10.283281871250695,N,1.0,0.0
2026-06-09T23:20:56,gliner-crossner_science,f78ab6b3-5d21-4da5-8c0a-a381222d3d90,5b0fa12a-3dd7-45bb-9766-cc326314d9f1,11.85498049997841,1.2547393135821617e-05,1.0584068979147177e-06,2.92431561940794,57.18959496377253,8.0,9.592718753243984e-06,0.00018808487269,2.622706666666393e-05,0.0002239046581099,0.0,France,FRA,,,,Windows-10-10.0.26200-SP0,3.10.0,3.2.6,16,AMD Ryzen 9 4900HS with Radeon Graphics,1,1 x NVIDIA GeForce GTX 1660 Ti with Max-Q Design,,,15.41950225830078,process,0.0,51.72727272727273,66.62727272727274,10.275266473943535,N,1.0,0.0
2026-06-09T23:21:14,gliner-wnut17,a92a2eeb-2af7-4150-854b-4d652590a94a,5b0fa12a-3dd7-45bb-9766-cc326314d9f1,14.812473500001945,1.530558311791587e-05,1.033290160344514e-06,2.9471041252196897,55.77752576536298,8.0,1.2140556469916511e-05,0.0002282243492459,3.275886733350085e-05,0.0002731237730494,0.0,France,FRA,,,,Windows-10-10.0.26200-SP0,3.10.0,3.2.6,16,AMD Ryzen 9 4900HS with Radeon Graphics,1,1 x NVIDIA GeForce GTX 1660 Ti with Max-Q Design,,,15.41950225830078,process,0.0,40.07142857142857,66.8142857142857,10.300941467285156,N,1.0,0.0
2026-06-09T23:21:36,gliner-mit_restaurant,aef102ba-0a24-448a-9c83-bc6d7e4a2457,5b0fa12a-3dd7-45bb-9766-cc326314d9f1,19.705985999986297,1.976166728973989e-05,1.002825602827163e-06,2.7988344774700487,53.70061635648383,8.0,1.527491383241215e-05,0.000293756623894,4.3609788666621575e-05,0.000352641326393,0.0,France,FRA,,,,Windows-10-10.0.26200-SP0,3.10.0,3.2.6,16,AMD Ryzen 9 4900HS with Radeon Graphics,1,1 x NVIDIA GeForce GTX 1660 Ti with Max-Q Design,,,15.41950225830078,process,0.0,36.68421052631579,66.53157894736844,10.25683533517938,N,1.0,0.0
2026-06-09T23:21:59,gliner-mit_movie,d38d4d15-0da5-4ced-ad2b-ea38190f40e4,5b0fa12a-3dd7-45bb-9766-cc326314d9f1,20.8412268999964,2.193030113411589e-05,1.05225576398862e-06,2.81880092152018,56.82379305923124,8.0,1.6267925638094113e-05,0.0003289499853819,4.612206888883116e-05,0.0003913399799089,0.0,France,FRA,,,,Windows-10-10.0.26200-SP0,3.10.0,3.2.6,16,AMD Ryzen 9 4900HS with Radeon Graphics,1,1 x NVIDIA GeForce GTX 1660 Ti with Max-Q Design,,,15.41950225830078,process,0.0,43.2,66.35499999999998,10.230618667602538,N,1.0,0.0
2026-06-09T23:22:24,gliner-fabner,fbf5bfdf-343a-4d47-bc6f-00fb2c0a10c1,5b0fa12a-3dd7-45bb-9766-cc326314d9f1,21.71160029998282,2.2581671328071217e-05,1.0400740164735386e-06,2.6503485971999443,56.23593496532317,8.0,1.588635702150917e-05,0.000339015271212,4.8061867333340666e-05,0.0004029634955668,0.0,France,FRA,,,,Windows-10-10.0.26200-SP0,3.10.0,3.2.6,16,AMD Ryzen 9 4900HS with Radeon Graphics,1,1 x NVIDIA GeForce GTX 1660 Ti with Max-Q Design,,,15.41950225830078,process,0.0,44.61904761904762,66.38095238095237,10.23861294700986,N,1.0,0.0
2026-06-09T23:22:49,gliner-bionlp2004,bcf4a9e5-e18f-4737-a095-358715f61314,5b0fa12a-3dd7-45bb-9766-cc326314d9f1,23.034162500000093,2.3760454349502096e-05,1.031531072575441e-06,2.8500480391098435,55.43279452292381,8.0,1.815532639785908e-05,0.00035488222835,5.096098822224627e-05,0.0004239985429701,0.0,France,FRA,,,,Windows-10-10.0.26200-SP0,3.10.0,3.2.6,16,AMD Ryzen 9 4900HS with Radeon Graphics,1,1 x NVIDIA GeForce GTX 1660 Ti with Max-Q Design,,,15.41950225830078,process,2.272727272727273,41.72727272727273,67.31818181818184,10.378291736949574,N,1.0,0.0
2026-06-09T23:23:12,gliner-conll2003,bca5713c-c62a-4736-92d3-60f3cbf766dd,5b0fa12a-3dd7-45bb-9766-cc326314d9f1,20.67226329998812,2.0771363855602703e-05,1.0047938899663029e-06,2.993052789993868,53.46773401536832,8.0,1.7135198105341055e-05,0.000307818579588,4.570529644435738e-05,0.0003706590741377,0.0,France,FRA,,,,Windows-10-10.0.26200-SP0,3.10.0,3.2.6,16,AMD Ryzen 9 4900HS with Radeon Graphics,1,1 x NVIDIA GeForce GTX 1660 Ti with Max-Q Design,,,15.41950225830078,process,0.0,38.0,67.06500000000001,10.34165840148926,N,1.0,0.0
2026-06-09T23:23:35,gliner-gum,35a2ded9-be52-4392-ab65-128c1e721734,5b0fa12a-3dd7-45bb-9766-cc326314d9f1,21.997314100008225,2.300581108878711e-05,1.045846369433735e-06,2.9231869861024293,56.34789298465623,8.0,1.7792643590726833e-05,0.000344060553026,4.867895222223726e-05,0.0004105321488389,0.0,France,FRA,,,,Windows-10-10.0.26200-SP0,3.10.0,3.2.6,16,AMD Ryzen 9 4900HS with Radeon Graphics,1,1 x NVIDIA GeForce GTX 1660 Ti with Max-Q Design,,,15.41950225830078,process,0.0,41.42857142857143,67.14285714285717,10.35154269990467,N,1.0,0.0
2026-06-09T23:23:57,gliner-gentle,385311b8-812f-4a9f-a22e-af485b010262,5b0fa12a-3dd7-45bb-9766-cc326314d9f1,21.82651379998424,2.212182039905085e-05,1.013529719027636e-06,2.932013406371573,54.17921605257617,8.0,1.770233411421915e-05,0.0003287427629939,4.831248955555364e-05,0.0003947575866637,0.0,France,FRA,,,,Windows-10-10.0.26200-SP0,3.10.0,3.2.6,16,AMD Ryzen 9 4900HS with Radeon Graphics,1,1 x NVIDIA GeForce GTX 1660 Ti with Max-Q Design,,,15.41950225830078,process,0.7142857142857143,38.76190476190476,66.89999999999999,10.316211700439451,N,1.0,0.0
2026-06-09T23:29:34,gliner-crossner_ai,2a977846-e184-4786-ac0e-9682dfc1857c,5b0fa12a-3dd7-45bb-9766-cc326314d9f1,16.79355870001018,1.7208127403086347e-05,1.0246861734598229e-06,2.942842730493274,55.08154195288645,8.0,1.3693920704096238e-05,0.0002562399272139,3.714028622217788e-05,0.0003070741341402,0.0,France,FRA,,,,Windows-10-10.0.26200-SP0,3.10.0,3.2.6,16,AMD Ryzen 9 4900HS with Radeon Graphics,1,1 x NVIDIA GeForce GTX 1660 Ti with Max-Q Design,,,15.41950225830078,process,4.6875,42.75,78.11874999999999,12.04631519317627,N,1.0,0.0
2026-06-09T23:29:49,gliner-crossner_literature,5ffb9ae1-2263-4bb9-bc9d-a849018262fc,5b0fa12a-3dd7-45bb-9766-cc326314d9f1,15.575729899981525,1.6465420593044346e-05,1.0571203210877375e-06,3.1535583320810896,56.93932245885411,8.0,1.3617720181678564e-05,0.0002457671410579,3.443588133325749e-05,0.0002938207425729,0.0,France,FRA,,,,Windows-10-10.0.26200-SP0,3.10.0,3.2.6,16,AMD Ryzen 9 4900HS with Radeon Graphics,1,1 x NVIDIA GeForce GTX 1660 Ti with Max-Q Design,,,15.41950225830078,process,0.0,49.53333333333333,77.57333333333334,11.9622075398763,N,1.0,0.0
2026-06-09T23:30:07,gliner-crossner_music,c19f01d3-033a-4eb7-a844-411463e3d65e,5b0fa12a-3dd7-45bb-9766-cc326314d9f1,17.875974600028712,1.8635474936758667e-05,1.0424872127939102e-06,2.744617638257379,56.33129649388181,8.0,1.3560710946023114e-05,0.0002794366124379,3.954742111103971e-05,0.000332544744495,0.0,France,FRA,,,,Windows-10-10.0.26200-SP0,3.10.0,3.2.6,16,AMD Ryzen 9 4900HS with Radeon Graphics,1,1 x NVIDIA GeForce GTX 1660 Ti with Max-Q Design,,,15.41950225830078,process,0.0,52.05882352941177,77.35294117647058,11.928090488209444,N,1.0,0.0
2026-06-09T23:30:33,gliner-crossner_politics,7d5d7b31-555a-41be-a3ce-aec83ce919bc,5b0fa12a-3dd7-45bb-9766-cc326314d9f1,25.529432600014843,2.6656559392809465e-05,1.0441500917961631e-06,2.933911381378872,56.23528388197063,8.0,2.0712837233742805e-05,0.0003984855965659,5.648027911109644e-05,0.0004756787129108,0.0,France,FRA,,,,Windows-10-10.0.26200-SP0,3.10.0,3.2.6,16,AMD Ryzen 9 4900HS with Radeon Graphics,1,1 x NVIDIA GeForce GTX 1660 Ti with Max-Q Design,,,15.41950225830078,process,4.0,48.72,77.09999999999997,11.887155151367187,N,1.0,0.0
2026-06-09T23:30:55,gliner-crossner_science,240dbe6b-c275-404e-b3c4-b5f9db028009,5b0fa12a-3dd7-45bb-9766-cc326314d9f1,21.9596612000023,2.2705524225867804e-05,1.033965142680135e-06,2.809990432517562,55.71275312105061,8.0,1.705791184510884e-05,0.0003395536049759,4.856209844447829e-05,0.0004051736152655,0.0,France,FRA,,,,Windows-10-10.0.26200-SP0,3.10.0,3.2.6,16,AMD Ryzen 9 4900HS with Radeon Graphics,1,1 x NVIDIA GeForce GTX 1660 Ti with Max-Q Design,,,15.41950225830078,process,1.5857142857142856,51.38095238095238,76.91428571428571,11.859456198556083,N,1.0,0.0
2026-06-09T23:31:27,gliner-wnut17,e152bc8b-56c1-4482-a7b2-0529cfa33ef2,5b0fa12a-3dd7-45bb-9766-cc326314d9f1,27.38091779997921,2.802635832065024e-05,1.0235726400913964e-06,2.77881825617337,55.052958190277806,8.0,2.1045794847790846e-05,0.000418526168154,6.055042177755646e-05,0.0005001223847793,0.0,France,FRA,,,,Windows-10-10.0.26200-SP0,3.10.0,3.2.6,16,AMD Ryzen 9 4900HS with Radeon Graphics,1,1 x NVIDIA GeForce GTX 1660 Ti with Max-Q Design,,,15.41950225830078,process,12.962962962962964,40.81481481481482,76.57777777777775,11.80917739868164,N,1.0,0.0
2026-06-09T23:32:08,gliner-mit_restaurant,7fdb9bb5-71db-47f3-9f64-4e6f5fd01165,5b0fa12a-3dd7-45bb-9766-cc326314d9f1,38.98525179998251,3.7015614880808105e-05,9.494773836711428e-07,2.779177256722531,50.41220099128152,8.0,2.9944729906968664e-05,0.0005443779355019,8.621044333332168e-05,0.0006605331087422,0.0,France,FRA,,,,Windows-10-10.0.26200-SP0,3.10.0,3.2.6,16,AMD Ryzen 9 4900HS with Radeon Graphics,1,1 x NVIDIA GeForce GTX 1660 Ti with Max-Q Design,,,15.41950225830078,process,0.0,36.36842105263158,76.91315789473686,11.860701912327816,N,1.0,0.0
2026-06-09T23:32:53,gliner-mit_movie,460591a6-58d6-46c2-823b-c65836e1c3c0,5b0fa12a-3dd7-45bb-9766-cc326314d9f1,41.52740699998685,4.282195333687159e-05,1.031173300487679e-06,2.882026759032344,55.48169940816773,8.0,3.308207175081236e-05,0.0006392266224919,9.18368711111705e-05,0.0007641455653539,0.0,France,FRA,,,,Windows-10-10.0.26200-SP0,3.10.0,3.2.6,16,AMD Ryzen 9 4900HS with Radeon Graphics,1,1 x NVIDIA GeForce GTX 1660 Ti with Max-Q Design,,,15.41950225830078,process,2.4390243902439024,39.97560975609756,76.95365853658541,11.866178186928352,N,1.0,0.0
2026-06-09T23:33:37,gliner-fabner,3daec85a-c1df-422e-965a-830a24bf06a1,5b0fa12a-3dd7-45bb-9766-cc326314d9f1,42.047056200011866,4.324655493302407e-05,1.0285275318040426e-06,2.9002569184450584,55.259006418376245,8.0,3.37151648207585e-05,0.0006450205160159,9.29867791112176e-05,0.0007717224599479,0.0,France,FRA,,,,Windows-10-10.0.26200-SP0,3.10.0,3.2.6,16,AMD Ryzen 9 4900HS with Radeon Graphics,1,1 x NVIDIA GeForce GTX 1660 Ti with Max-Q Design,,,15.41950225830078,process,0.0,41.65853658536585,76.72682926829265,11.831019796976229,N,1.0,0.0
2026-06-09T23:34:23,gliner-bionlp2004,14223f52-8df8-4224-b0f9-d85854303a0f,5b0fa12a-3dd7-45bb-9766-cc326314d9f1,43.18148679999285,4.42649158533662e-05,1.0250901285171478e-06,2.7993120464437387,55.23471338137158,8.0,3.33888953783259e-05,0.000661011362142,9.549456311111698e-05,0.0007898948206314,0.0,France,FRA,,,,Windows-10-10.0.26200-SP0,3.10.0,3.2.6,16,AMD Ryzen 9 4900HS with Radeon Graphics,1,1 x NVIDIA GeForce GTX 1660 Ti with Max-Q Design,,,15.41950225830078,process,0.0,39.92857142857143,76.75238095238089,11.83387956165132,N,1.0,0.0
2026-06-09T23:35:11,gliner-conll2003,9390a68e-0d28-4543-aa0b-647e30095a1e,5b0fa12a-3dd7-45bb-9766-cc326314d9f1,44.92994729999919,3.853585996363813e-05,8.576876288399034e-07,2.8663666047055,44.36999470802184,8.0,3.5631621908297834e-05,0.0005527143310599,9.931549644440464e-05,0.0006876614494126,0.0,France,FRA,,,,Windows-10-10.0.26200-SP0,3.10.0,3.2.6,16,AMD Ryzen 9 4900HS with Radeon Graphics,1,1 x NVIDIA GeForce GTX 1660 Ti with Max-Q Design,,,15.41950225830078,process,4.3931818181818185,35.34090909090909,76.95454545454548,11.866551485928625,N,1.0,0.0
2026-06-09T23:35:59,gliner-gum,246419eb-7017-4859-a8d8-5ae53b36cc22,5b0fa12a-3dd7-45bb-9766-cc326314d9f1,48.23611860000528,4.600808940461453e-05,9.538099403505797e-07,2.8553402581384817,50.51063610475293,8.0,3.8064762204344e-05,0.000676294152146,0.0001066423419999,0.0008210012563503,0.0,France,FRA,,,,Windows-10-10.0.26200-SP0,3.10.0,3.2.6,16,AMD Ryzen 9 4900HS with Radeon Graphics,1,1 x NVIDIA GeForce GTX 1660 Ti with Max-Q Design,,,15.41950225830078,process,4.817021276595744,36.1063829787234,77.08510638297871,11.886308061315658,N,1.0,0.0
2026-06-09T23:36:46,gliner-gentle,2d35e84a-8e5c-481a-bd28-af868a64f191,5b0fa12a-3dd7-45bb-9766-cc326314d9f1,46.39236779999919,4.210589449690174e-05,9.07603911885318e-07,2.846122347734949,47.991680689362425,8.0,3.6592263444585176e-05,0.0006122266008919,0.0001025488348889,0.0007513676992255,0.0,France,FRA,,,,Windows-10-10.0.26200-SP0,3.10.0,3.2.6,16,AMD Ryzen 9 4900HS with Radeon Graphics,1,1 x NVIDIA GeForce GTX 1660 Ti with Max-Q Design,,,15.41950225830078,process,7.313333333333333,35.15555555555556,77.06666666666666,11.882725694444444,N,1.0,0.0
2026-06-12T21:29:02,opener-crossner_ai,e07757c2-b482-43ce-ac32-43e0a4e9ff4f,5b0fa12a-3dd7-45bb-9766-cc326314d9f1,48.16320020001149,2.8108635944330432e-05,5.836122979287354e-07,3.240134015298375,26.3975686204076,8.0,4.284410209687301e-05,0.0003529258378959,0.0001058206655555,0.0005015906055484,0.0,France,FRA,,,,Windows-10-10.0.26200-SP0,3.10.0,3.2.6,16,AMD Ryzen 9 4900HS with Radeon Graphics,1,1 x NVIDIA GeForce GTX 1660 Ti with Max-Q Design,,,15.41950225830078,process,1.0638297872340423,90.87234042553192,84.85744680851069,13.083988189697266,N,1.0,0.0
2026-06-12T21:30:05,opener-crossner_literature,69acdcdc-5dee-4656-b5e8-2832d0a7e8d2,5b0fa12a-3dd7-45bb-9766-cc326314d9f1,62.41320819995599,3.5966327552996006e-05,5.762614771823469e-07,3.0304049248376463,25.651127026425897,8.0,5.21399914330682e-05,0.0004526681399119,0.0001370007437775,0.0006418088751226,0.0,France,FRA,,,,Windows-10-10.0.26200-SP0,3.10.0,3.2.6,16,AMD Ryzen 9 4900HS with Radeon Graphics,1,1 x NVIDIA GeForce GTX 1660 Ti with Max-Q Design,,,15.41950225830078,process,0.5459016393442623,94.09836065573772,84.13770491803281,12.97395312199827,N,1.0,0.0
2026-06-12T21:31:37,opener-crossner_music,c70b15ad-8821-4683-8f05-d2dc6768663b,5b0fa12a-3dd7-45bb-9766-cc326314d9f1,92.05608700000448,5.391067993375204e-05,5.856286280531283e-07,3.6702950877475216,26.00173563969142,8.0,9.278632582384684e-05,0.0006670808114419,0.0002021535971111,0.0009620207343769,0.0,France,FRA,,,,Windows-10-10.0.26200-SP0,3.10.0,3.2.6,16,AMD Ryzen 9 4900HS with Radeon Graphics,1,1 x NVIDIA GeForce GTX 1660 Ti with Max-Q Design,,,15.41950225830078,process,3.982417582417582,95.15384615384616,84.22527472527476,12.988750415843922,N,1.0,0.0
2026-06-12T21:33:53,opener-crossner_politics,ace3e00d-f1e9-417b-b3f6-e3a6182e3ccc,5b0fa12a-3dd7-45bb-9766-cc326314d9f1,135.51619980001124,7.766569298735471e-05,5.731100274503733e-07,3.0944891090972915,25.757148637172072,8.0,0.0001151653186938,0.000973124667388,0.0002976321928891,0.0013859221789709,0.0,France,FRA,,,,Windows-10-10.0.26200-SP0,3.10.0,3.2.6,16,AMD Ryzen 9 4900HS with Radeon Graphics,1,1 x NVIDIA GeForce GTX 1660 Ti with Max-Q Design,,,15.41950225830078,process,3.72537313432836,94.38059701492536,84.28208955223877,12.996787056994082,N,1.0,0.0
2026-06-12T21:35:43,opener-crossner_science,4dc08139-bbf9-4d6b-8d99-1aed21cefc75,5b0fa12a-3dd7-45bb-9766-cc326314d9f1,110.2186156999669,6.303601420190495e-05,5.719180358198227e-07,3.2636598770327567,25.60772504475752,8.0,9.87052999233956e-05,0.0007840778494839,0.0002420765768886,0.001124859726296,0.0,France,FRA,,,,Windows-10-10.0.26200-SP0,3.10.0,3.2.6,16,AMD Ryzen 9 4900HS with Radeon Graphics,1,1 x NVIDIA GeForce GTX 1660 Ti with Max-Q Design,,,15.41950225830078,process,3.9293577981651375,93.58715596330276,84.27889908256874,12.995214584770553,N,1.0,0.0
2026-06-12T21:37:25,opener-wnut17,0fb6e122-68f9-476f-bec0-90aba528aca9,5b0fa12a-3dd7-45bb-9766-cc326314d9f1,94.52427170000738,6.460868187702842e-05,6.83514199210946e-07,3.075322740644884,32.37534946741876,8.0,7.934633460339006e-05,0.0008665809710419,0.0002069962275552,0.0011529235332006,0.0,France,FRA,,,,Windows-10-10.0.26200-SP0,3.10.0,3.2.6,16,AMD Ryzen 9 4900HS with Radeon Graphics,1,1 x NVIDIA GeForce GTX 1660 Ti with Max-Q Design,,,15.41950225830078,process,5.558064516129034,76.91397849462365,83.7784946236559,12.919983607466502,N,1.0,0.0
2026-06-12T21:38:51,opener-mit_restaurant,caa17473-183a-4c11-a11a-f5882d494566,5b0fa12a-3dd7-45bb-9766-cc326314d9f1,82.18124920001719,7.92241691060313e-05,9.640175815922585e-07,3.040292803145843,50.9379401287119,8.0,6.860770947927844e-05,0.001164585098334,0.0001805399337779,0.0014137327415912,0.0,France,FRA,,,,Windows-10-10.0.26200-SP0,3.10.0,3.2.6,16,AMD Ryzen 9 4900HS with Radeon Graphics,1,1 x NVIDIA GeForce GTX 1660 Ti with Max-Q Design,,,15.41950225830078,process,2.230864197530864,36.72839506172839,83.6308641975309,12.89619078459563,N,1.0,0.0
2026-06-12T21:41:17,opener-mit_movie,01660143-f773-4dc1-b1e9-ba3231edca02,5b0fa12a-3dd7-45bb-9766-cc326314d9f1,142.26857359998394,0.0001219470605329,8.571609136661126e-07,3.5182919388583,43.46445467859512,8.0,0.0001376041246082,0.0017262261032019,0.0003122803475557,0.002176110575366,0.0,France,FRA,,,,Windows-10-10.0.26200-SP0,3.10.0,3.2.6,16,AMD Ryzen 9 4900HS with Radeon Graphics,1,1 x NVIDIA GeForce GTX 1660 Ti with Max-Q Design,,,15.41950225830078,process,4.503571428571429,59.77857142857143,83.97142857142858,12.947831807817732,N,1.0,0.0
2026-06-12T21:45:17,opener-fabner,fe659a52-873f-4145-89f8-43f6fcae2511,5b0fa12a-3dd7-45bb-9766-cc326314d9f1,235.8204084000317,0.0001779129369005,7.544424933689004e-07,3.3467563226841346,37.11312344800963,8.0,0.0002167581259486,0.002440441119018,0.0005176064599993,0.003174805704966,0.0,France,FRA,,,,Windows-10-10.0.26200-SP0,3.10.0,3.2.6,16,AMD Ryzen 9 4900HS with Radeon Graphics,1,1 x NVIDIA GeForce GTX 1660 Ti with Max-Q Design,,,15.41950225830078,process,5.298712446351935,77.91416309012875,83.01759656652364,12.800921476961715,N,1.0,0.0
2026-06-12T21:49:10,opener-bionlp2004,614e63c8-6830-4c6a-8b14-04028991562b,5b0fa12a-3dd7-45bb-9766-cc326314d9f1,228.02401839999948,0.0001665648931032,7.304708261525797e-07,3.180868317840116,35.789213474049426,8.0,0.0001989272705531,0.002273336263112,0.000500039560667,0.0029723030943321,0.0,France,FRA,,,,Windows-10-10.0.26200-SP0,3.10.0,3.2.6,16,AMD Ryzen 9 4900HS with Radeon Graphics,1,1 x NVIDIA GeForce GTX 1660 Ti with Max-Q Design,,,15.41950225830078,process,6.951999999999998,80.08444444444444,80.80488888888878,12.458892449273003,N,1.0,0.0
2026-06-12T21:52:12,opener-conll2003,a48943e6-72c8-4326-94ee-e897ba309222,5b0fa12a-3dd7-45bb-9766-cc326314d9f1,177.3407947999658,0.000124367883215,7.012931421408836e-07,3.004409809877956,34.031491217369606,8.0,0.0001461197957661,0.0016844619031239,0.0003887277679995,0.0022193094668896,0.0,France,FRA,,,,Windows-10-10.0.26200-SP0,3.10.0,3.2.6,16,AMD Ryzen 9 4900HS with Radeon Graphics,1,1 x NVIDIA GeForce GTX 1660 Ti with Max-Q Design,,,15.41950225830078,process,6.978857142857145,64.44,80.60400000000001,12.428162776402065,N,1.0,0.0
2026-06-12T21:57:40,opener-gum,7432e89e-2226-46c8-a09a-f4964e964356,5b0fa12a-3dd7-45bb-9766-cc326314d9f1,327.5326564999996,0.0002154789539012,6.578854035621788e-07,3.2764235772347825,31.144930045780264,8.0,0.0002943882390314,0.0028322522658,0.000718520078,0.0038451605828315,0.0,France,FRA,,,,Windows-10-10.0.26200-SP0,3.10.0,3.2.6,16,AMD Ryzen 9 4900HS with Radeon Graphics,1,1 x NVIDIA GeForce GTX 1660 Ti with Max-Q Design,,,15.41950225830078,process,9.077777777777785,83.97839506172839,80.93827160493817,12.480812696763026,N,1.0,0.0
2026-06-12T22:02:15,opener-gentle,1f5452b1-3324-4a62-901f-07141e148749,5b0fa12a-3dd7-45bb-9766-cc326314d9f1,274.6261691999971,0.0001861994527385,6.780105962988805e-07,3.2123490753245334,32.42831952377876,8.0,0.000242008888333,0.0024781117047099,0.0006025556277776,0.0033226762208206,0.0,France,FRA,,,,Windows-10-10.0.26200-SP0,3.10.0,3.2.6,16,AMD Ryzen 9 4900HS with Radeon Graphics,1,1 x NVIDIA GeForce GTX 1660 Ti with Max-Q Design,,,15.41950225830078,process,7.600735294117652,76.73529411764706,80.76985294117668,12.453454522525565,N,1.0,0.0
2026-06-12T22:06:06,opener-e2e-crossner_ai,273627e6-c583-4403-aa1e-0ee0a482092d,5b0fa12a-3dd7-45bb-9766-cc326314d9f1,138.30497489997651,9.479920266202448e-05,6.854359557968481e-07,2.8047705725567784,33.48420534165445,8.0,0.0001062179457077,0.0012827174150619,0.0003027294202225,0.0016916647809922,0.0,France,FRA,,,,Windows-10-10.0.26200-SP0,3.10.0,3.2.6,16,AMD Ryzen 9 4900HS with Radeon Graphics,1,1 x NVIDIA GeForce GTX 1660 Ti with Max-Q Design,,,15.41950225830078,process,0.9375,85.5625,78.14218749999998,12.04993861913681,N,1.0,0.0
2026-06-12T22:08:09,opener-e2e-crossner_literature,be9859ec-5776-48b4-80f6-4f4e4ea437d8,5b0fa12a-3dd7-45bb-9766-cc326314d9f1,94.29775279999012,7.722011521275333e-05,8.188966642348387e-07,2.8207576679110486,42.0146896734637,8.0,7.308130469472284e-05,0.0010982994897499,0.000206590176,0.0013779709704447,0.0,France,FRA,,,,Windows-10-10.0.26200-SP0,3.10.0,3.2.6,16,AMD Ryzen 9 4900HS with Radeon Graphics,1,1 x NVIDIA GeForce GTX 1660 Ti with Max-Q Design,,,15.41950225830078,process,1.048888888888889,77.68888888888888,79.40444444444451,12.244675572713216,N,1.0,0.0
2026-06-12T22:10:19,opener-e2e-crossner_music,7b8876b9-92cd-4bbe-8482-6fbe07f8e069,5b0fa12a-3dd7-45bb-9766-cc326314d9f1,116.5085649000248,9.620209878641104e-05,8.257083834906163e-07,2.94387180236294,42.59847568961869,8.0,9.412744685183192e-05,0.001367018315836,0.0002555533002221,0.0017166990629099,0.0,France,FRA,,,,Windows-10-10.0.26200-SP0,3.10.0,3.2.6,16,AMD Ryzen 9 4900HS with Radeon Graphics,1,1 x NVIDIA GeForce GTX 1660 Ti with Max-Q Design,,,15.41950225830078,process,1.917699115044248,84.99115044247787,79.1867256637168,12.209947839247445,N,1.0,0.0
2026-06-12T22:15:29,opener-e2e-crossner_politics,d425cc36-d1e7-4a4d-bf91-02f50c979d80,5b0fa12a-3dd7-45bb-9766-cc326314d9f1,273.39894959999947,0.0001621358547356,5.930375920348802e-07,2.953841780673352,27.39425076120841,8.0,0.0002210787771412,0.0020728786027459,0.0005993107857768,0.002893268165664,0.0,France,FRA,,,,Windows-10-10.0.26200-SP0,3.10.0,3.2.6,16,AMD Ryzen 9 4900HS with Radeon Graphics,1,1 x NVIDIA GeForce GTX 1660 Ti with Max-Q Design,,,15.41950225830078,process,2.80576923076923,92.74615384615385,79.32961538461547,12.231268633328952,N,1.0,0.0
2026-06-12T22:18:53,opener-e2e-crossner_science,cae9a642-3f13-48af-9aa9-204ffa2555d3,5b0fa12a-3dd7-45bb-9766-cc326314d9f1,175.30583759996807,0.0001009131245714,5.756404119395502e-07,2.879580510568347,26.27147060494277,8.0,0.0001386020876832,0.001277176299518,0.0003849875895552,0.0018007659767564,0.0,France,FRA,,,,Windows-10-10.0.26200-SP0,3.10.0,3.2.6,16,AMD Ryzen 9 4900HS with Radeon Graphics,1,1 x NVIDIA GeForce GTX 1660 Ti with Max-Q Design,,,15.41950225830078,process,4.358479532163745,93.29239766081872,78.11578947368416,12.045511033799912,N,1.0,0.0
2026-06-12T22:22:09,opener-e2e-wnut17,e659743c-d849-42b0-8c6f-0eef13a96332,5b0fa12a-3dd7-45bb-9766-cc326314d9f1,133.49098770000273,7.68836874489063e-05,5.759466520817774e-07,2.7979963404957813,25.972784120056524,8.0,0.0001026228715031,0.000976045780836,0.0002932988604449,0.001371967512784,0.0,France,FRA,,,,Windows-10-10.0.26200-SP0,3.10.0,3.2.6,16,AMD Ryzen 9 4900HS with Radeon Graphics,1,1 x NVIDIA GeForce GTX 1660 Ti with Max-Q Design,,,15.41950225830078,process,3.0038461538461543,89.8923076923077,75.18230769230765,11.593464689988355,N,1.0,0.0
2026-06-12T22:26:26,opener-e2e-mit_restaurant,fa056268-370f-4114-92cc-57cd2a30eeeb,5b0fa12a-3dd7-45bb-9766-cc326314d9f1,169.6681310000131,0.0001042633716733,6.145135863688092e-07,2.805129908664552,29.34558002620505,8.0,0.0001305247485813,0.001357591086072,0.0003724343477787,0.001860550182432,0.0,France,FRA,,,,Windows-10-10.0.26200-SP0,3.10.0,3.2.6,16,AMD Ryzen 9 4900HS with Radeon Graphics,1,1 x NVIDIA GeForce GTX 1660 Ti with Max-Q Design,,,15.41950225830078,process,4.527672955974842,84.53459119496856,74.84213836477986,11.538791632502337,N,1.0,0.0
2026-06-12T22:29:54,opener-e2e-mit_movie,aebea544-f3c5-4739-a627-5172fb4c9df8,5b0fa12a-3dd7-45bb-9766-cc326314d9f1,91.27040430001216,9.247254252824269e-05,1.0131711723800304e-06,2.8591818924666974,54.4118750849655,8.0,7.170487505876699e-05,0.001377844713386,0.0002005966048892,0.0016501461933339,0.0,France,FRA,,,,Windows-10-10.0.26200-SP0,3.10.0,3.2.6,16,AMD Ryzen 9 4900HS with Radeon Graphics,1,1 x NVIDIA GeForce GTX 1660 Ti with Max-Q Design,,,15.41950225830078,process,6.7600000000000025,72.2,78.60444444444433,12.12043948703342,N,1.0,0.0
2026-06-12T22:33:36,opener-e2e-fabner,757d75d4-14ef-4325-8e2a-9c48edb46949,5b0fa12a-3dd7-45bb-9766-cc326314d9f1,88.04787459998624,8.868635122776409e-05,1.007251471210163e-06,2.8308203770402174,54.07775849502059,8.0,6.844815367780875e-05,0.001320678278764,0.0001934562551108,0.0015825826875526,0.0,France,FRA,,,,Windows-10-10.0.26200-SP0,3.10.0,3.2.6,16,AMD Ryzen 9 4900HS with Radeon Graphics,1,1 x NVIDIA GeForce GTX 1660 Ti with Max-Q Design,,,15.41950225830078,process,5.101149425287355,71.42528735632185,80.97241379310343,12.486132347720792,N,1.0,0.0
2026-06-12T22:37:24,opener-e2e-bionlp2004,9ec44343-fd85-4ad9-9158-09e1aa6a64db,5b0fa12a-3dd7-45bb-9766-cc326314d9f1,111.73059729998933,0.000112721549928,1.0088691249487197e-06,2.79920819326557,54.22597316536246,8.0,8.588768619638568e-05,0.001680193844154,0.0002454024348887,0.0020114839652391,0.0,France,FRA,,,,Windows-10-10.0.26200-SP0,3.10.0,3.2.6,16,AMD Ryzen 9 4900HS with Radeon Graphics,1,1 x NVIDIA GeForce GTX 1660 Ti with Max-Q Design,,,15.41950225830078,process,3.925454545454544,62.763636363636365,87.43363636363632,13.481218095259234,N,1.0,0.0
2026-06-12T22:40:24,opener-e2e-conll2003,3f005b2d-cb8e-481b-bd73-a48222ebe537,5b0fa12a-3dd7-45bb-9766-cc326314d9f1,111.5728549999767,0.0001099868677692,9.857851873489243e-07,2.679931672084624,52.84515345838446,8.0,8.20245870371016e-05,0.0016357065863419,0.0002449531673337,0.0019626843407128,0.0,France,FRA,,,,Windows-10-10.0.26200-SP0,3.10.0,3.2.6,16,AMD Ryzen 9 4900HS with Radeon Graphics,1,1 x NVIDIA GeForce GTX 1660 Ti with Max-Q Design,,,15.41950225830078,process,4.829999999999999,42.78181818181818,88.9681818181819,13.71878655173562,N,1.0,0.0
2026-06-12T22:44:10,opener-e2e-gum,992fd8b1-b837-4996-9b9f-401e2b6ca847,5b0fa12a-3dd7-45bb-9766-cc326314d9f1,129.00535809999565,0.0001292488905023,1.0018877696701863e-06,2.7900949087549787,53.91987279049567,8.0,9.855168675941272e-05,0.0019249173732659,0.0002829405922222,0.0023064096522476,0.0,France,FRA,,,,Windows-10-10.0.26200-SP0,3.10.0,3.2.6,16,AMD Ryzen 9 4900HS with Radeon Graphics,1,1 x NVIDIA GeForce GTX 1660 Ti with Max-Q Design,,,15.41950225830078,process,5.766141732283466,56.29133858267716,70.97716535433067,10.94418076642855,N,1.0,0.0
2026-06-12T22:47:52,opener-e2e-gentle,ec01f5e4-4d0b-4557-b893-abfc3a15fd71,5b0fa12a-3dd7-45bb-9766-cc326314d9f1,126.06673469999804,0.0001252836747114,9.93788528033096e-07,2.8039565928693486,53.22907323849142,8.0,9.69585708387654e-05,0.001862098989678,0.0002765939448892,0.002235651505406,0.0,France,FRA,,,,Windows-10-10.0.26200-SP0,3.10.0,3.2.6,16,AMD Ryzen 9 4900HS with Radeon Graphics,1,1 x NVIDIA GeForce GTX 1660 Ti with Max-Q Design,,,15.41950225830078,process,6.848387096774192,48.193548387096776,68.19758064516137,10.515053656793407,N,1.0,0.0
2026-06-13T04:34:12,opener-crossner_ai,d524cd01-d170-454b-a9b0-65dd4852c979,5b0fa12a-3dd7-45bb-9766-cc326314d9f1,22.481065200001467,2.249183391046224e-05,1.0004790124651554e-06,2.970311480803024,51.7520454080426,8.0,1.82344810226905e-05,0.0003337005447379,4.942534666676591e-05,0.0004013603724274,0.0,France,FRA,,,,Windows-10-10.0.26200-SP0,3.10.0,3.2.6,16,AMD Ryzen 9 4900HS with Radeon Graphics,1,1 x NVIDIA GeForce GTX 1660 Ti with Max-Q Design,,,15.41950225830078,process,9.090909090909092,78.81818181818181,55.85909090909092,8.61553937738592,N,1.0,0.0
2026-06-13T04:34:40,opener-crossner_literature,f9cca1e3-ea90-4525-b653-5d30ca58909f,5b0fa12a-3dd7-45bb-9766-cc326314d9f1,27.83754959999351,2.807472218524957e-05,1.0085198801138775e-06,3.0418648638236485,53.89039993525864,8.0,2.323046182400785e-05,0.000416548111016,6.120685133332801e-05,0.0005009854241733,0.0,France,FRA,,,,Windows-10-10.0.26200-SP0,3.10.0,3.2.6,16,AMD Ryzen 9 4900HS with Radeon Graphics,1,1 x NVIDIA GeForce GTX 1660 Ti with Max-Q Design,,,15.41950225830078,process,0.0,84.81481481481481,56.118518518518506,8.65670437282986,N,1.0,0.0
2026-06-13T04:35:20,opener-crossner_music,5766874b-88f5-468b-8ce7-8e369d7ccd31,5b0fa12a-3dd7-45bb-9766-cc326314d9f1,39.62630399997579,3.997100762727007e-05,1.008698858901766e-06,3.245685608516239,53.59510856615121,8.0,3.5115219398138415e-05,0.0005910021394679,8.715389199968841e-05,0.0007132712508658,0.0,France,FRA,,,,Windows-10-10.0.26200-SP0,3.10.0,3.2.6,16,AMD Ryzen 9 4900HS with Radeon Graphics,1,1 x NVIDIA GeForce GTX 1660 Ti with Max-Q Design,,,15.41950225830078,process,5.128205128205129,88.53846153846153,55.90512820512824,8.621301699907352,N,1.0,0.0
2026-06-13T04:36:17,opener-crossner_politics,ae5f2ead-7fe1-4cfc-8d27-01344ffad361,5b0fa12a-3dd7-45bb-9766-cc326314d9f1,56.58917710004607,5.682080736689593e-05,1.004093190230357e-06,3.148537349551048,52.83536589011314,8.0,4.919363605849533e-05,0.0008403234500359,0.0001244340437774,0.0010139511298719,0.0,France,FRA,,,,Windows-10-10.0.26200-SP0,3.10.0,3.2.6,16,AMD Ryzen 9 4900HS with Radeon Graphics,1,1 x NVIDIA GeForce GTX 1660 Ti with Max-Q Design,,,15.41950225830078,process,5.909090909090909,90.01818181818182,55.91636363636368,8.623228177157316,N,1.0,0.0
2026-06-13T04:37:02,opener-crossner_science,2b79190e-2d40-42d8-b2b1-363a2211bc8b,5b0fa12a-3dd7-45bb-9766-cc326314d9f1,44.58517129998654,4.450178107824275e-05,9.981296422260506e-07,3.170806477994585,52.19745023144816,8.0,3.840731593126994e-05,0.0006576110816439,9.810321555563456e-05,0.0007941216131309,0.0,France,FRA,,,,Windows-10-10.0.26200-SP0,3.10.0,3.2.6,16,AMD Ryzen 9 4900HS with Radeon Graphics,1,1 x NVIDIA GeForce GTX 1660 Ti with Max-Q Design,,,15.41950225830078,process,3.1,86.5813953488372,55.92558139534887,8.623394012451172,N,1.0,0.0
2026-06-13T04:37:53,opener-wnut17,ed26ad32-60c1-492c-a9c3-6e7563acfcec,5b0fa12a-3dd7-45bb-9766-cc326314d9f1,45.4606052999734,4.53034048221078e-05,9.965420504890266e-07,2.8545421181579984,53.04485205621048,8.0,3.5681186418544934e-05,0.0006727366493,0.0001000085248893,0.0008084263606079,0.0,France,FRA,,,,Windows-10-10.0.26200-SP0,3.10.0,3.2.6,16,AMD Ryzen 9 4900HS with Radeon Graphics,1,1 x NVIDIA GeForce GTX 1660 Ti with Max-Q Design,,,15.41950225830078,process,0.3795454545454545,52.36363636363637,55.915909090909125,8.619584170254795,N,1.0,0.0
2026-06-13T04:39:09,opener-mit_restaurant,08907eea-0eb8-4b5a-b8eb-5e37fefe15d1,5b0fa12a-3dd7-45bb-9766-cc326314d9f1,72.01745260000462,7.070326072326691e-05,9.817517583683928e-07,2.865285827347823,52.09996011648804,8.0,5.678506930459949e-05,0.0010463680593159,0.0001585264288887,0.0012616795575093,0.0,France,FRA,,,,Windows-10-10.0.26200-SP0,3.10.0,3.2.6,16,AMD Ryzen 9 4900HS with Radeon Graphics,1,1 x NVIDIA GeForce GTX 1660 Ti with Max-Q Design,,,15.41950225830078,process,0.4690140845070422,42.36619718309859,56.06338028169014,8.64697045339665,N,1.0,0.0
2026-06-13T04:41:14,opener-mit_movie,37dcd4b3-ba65-42de-9e36-5326215e5198,5b0fa12a-3dd7-45bb-9766-cc326314d9f1,120.36920739995549,0.0001090289336159,9.057875844750548e-07,3.748160717171491,46.56168081119371,8.0,0.0001241261334001,0.001556633745306,0.0002648303997781,0.0019455902784843,0.0,France,FRA,,,,Windows-10-10.0.26200-SP0,3.10.0,3.2.6,16,AMD Ryzen 9 4900HS with Radeon Graphics,1,1 x NVIDIA GeForce GTX 1660 Ti with Max-Q Design,,,15.41950225830078,process,1.1201680672268908,66.42857142857143,55.719327731092406,8.5920957036379,N,1.0,0.0
2026-06-13T04:43:28,opener-fabner,1cf73a97-6a13-4d5a-ac82-46bd3d13e6eb,5b0fa12a-3dd7-45bb-9766-cc326314d9f1,130.0736692000064,0.0001232932555633,9.478725119517046e-07,3.917651756174558,48.91238982967728,8.0,0.0001403058511943,0.0017737383634339,0.0002860888277775,0.0022001330424059,0.0,France,FRA,,,,Windows-10-10.0.26200-SP0,3.10.0,3.2.6,16,AMD Ryzen 9 4900HS with Radeon Graphics,1,1 x NVIDIA GeForce GTX 1660 Ti with Max-Q Design,,,15.41950225830078,process,3.3203125,73.296875,55.22265624999998,8.516531705856323,N,1.0,0.0
2026-06-13T04:45:13,opener-bionlp2004,bc38e07f-3e0e-4fc1-a433-6df875b5cfba,5b0fa12a-3dd7-45bb-9766-cc326314d9f1,100.17857759998878,9.9758178619969e-05,9.958035042012833e-07,3.1839624619787106,52.81749906562794,8.0,8.775074544354748e-05,0.001472045899858,0.0002203596497781,0.0017801562950796,0.0,France,FRA,,,,Windows-10-10.0.26200-SP0,3.10.0,3.2.6,16,AMD Ryzen 9 4900HS with Radeon Graphics,1,1 x NVIDIA GeForce GTX 1660 Ti with Max-Q Design,,,15.41950225830078,process,0.0,74.28571428571429,55.20816326530604,8.511563631953026,N,1.0,0.0
2026-06-13T04:46:33,opener-conll2003,40d70ab6-383c-44a7-a013-699d830c0e21,5b0fa12a-3dd7-45bb-9766-cc326314d9f1,76.34389389998978,7.62085727070064e-05,9.982274785045593e-07,2.9181817279739435,53.3660617424955,8.0,6.115590338136587e-05,0.001130754237936,0.000168010141111,0.0013599202824284,0.0,France,FRA,,,,Windows-10-10.0.26200-SP0,3.10.0,3.2.6,16,AMD Ryzen 9 4900HS with Radeon Graphics,1,1 x NVIDIA GeForce GTX 1660 Ti with Max-Q Design,,,15.41950225830078,process,1.2480000000000002,51.85333333333333,55.12399999999994,8.50217539469401,N,1.0,0.0
2026-06-13T04:48:31,opener-gum,c5598923-75d2-4d78-9850-7207ea4ea72a,5b0fa12a-3dd7-45bb-9766-cc326314d9f1,117.04346180002904,0.0001129769194857,9.65256134330203e-07,3.5006884091611927,50.08325599540488,8.0,0.0001129878700746,0.0016455468719919,0.0002575062202225,0.0020160409622891,0.0,France,FRA,,,,Windows-10-10.0.26200-SP0,3.10.0,3.2.6,16,AMD Ryzen 9 4900HS with Radeon Graphics,1,1 x NVIDIA GeForce GTX 1660 Ti with Max-Q Design,,,15.41950225830078,process,1.2356521739130435,67.4,55.20173913043474,8.509009452488112,N,1.0,0.0
2026-06-13T04:50:21,opener-gentle,c8627fd4-7d66-439d-86e9-a71a0d31eb91,5b0fa12a-3dd7-45bb-9766-cc326314d9f1,109.90212990000146,0.000106691159676,9.707833667384123e-07,3.797484902847281,50.34665347661197,8.0,0.0001149220925807,0.0015472020710939,0.0002417492044446,0.0019038733681194,0.0,France,FRA,,,,Windows-10-10.0.26200-SP0,3.10.0,3.2.6,16,AMD Ryzen 9 4900HS with Radeon Graphics,1,1 x NVIDIA GeForce GTX 1660 Ti with Max-Q Design,,,15.41950225830078,process,5.001851851851852,63.138888888888886,55.45092592592596,8.550293498569065,N,1.0,0.0
2026-06-13T04:52:38,opener-e2e-crossner_ai,1bb75e7f-2abc-4f22-a4d7-876dacfba2ef,5b0fa12a-3dd7-45bb-9766-cc326314d9f1,52.360730900021736,5.307903516354187e-05,1.013718377325398e-06,2.848028090348262,52.06408059579624,8.0,4.259091716608242e-05,0.000784944239066,0.0001196451140001,0.0009471802702321,0.0,France,FRA,,,,Windows-10-10.0.26200-SP0,3.10.0,3.2.6,16,AMD Ryzen 9 4900HS with Radeon Graphics,1,1 x NVIDIA GeForce GTX 1660 Ti with Max-Q Design,,,15.41950225830078,process,2.9411764705882355,81.56862745098039,58.774509803921504,9.062953200994754,N,1.0,0.0
2026-06-13T04:53:45,opener-e2e-crossner_literature,ab91fcfc-5082-4266-852f-8212e4cb0913,5b0fa12a-3dd7-45bb-9766-cc326314d9f1,60.13981889997376,6.064710505122049e-05,1.0084351127177565e-06,2.9941300349786366,54.09558970103436,8.0,4.944325141979556e-05,0.0009007101650119,0.0001320769062224,0.0010822303226542,0.0,France,FRA,,,,Windows-10-10.0.26200-SP0,3.10.0,3.2.6,16,AMD Ryzen 9 4900HS with Radeon Graphics,1,1 x NVIDIA GeForce GTX 1660 Ti with Max-Q Design,,,15.41950225830078,process,1.694915254237288,87.2542372881356,58.805084745762656,9.068072884769762,N,1.0,0.0
2026-06-13T04:55:09,opener-e2e-crossner_music,b7ecc996-5b10-4b05-b04a-f54db3a59504,5b0fa12a-3dd7-45bb-9766-cc326314d9f1,75.03204179997556,7.55330026853229e-05,1.0066766260564096e-06,3.005801428232147,53.87797718988202,8.0,6.161116967075275e-05,0.0011211914525079,0.0001650623055559,0.0013478649277346,0.0,France,FRA,,,,Windows-10-10.0.26200-SP0,3.10.0,3.2.6,16,AMD Ryzen 9 4900HS with Radeon Graphics,1,1 x NVIDIA GeForce GTX 1660 Ti with Max-Q Design,,,15.41950225830078,process,2.054794520547945,89.02739726027397,58.88630136986309,9.081044236274614,N,1.0,0.0
2026-06-13T04:57:08,opener-e2e-crossner_politics,e3f90a4c-93a4-48df-9dfa-ec4806e67046,5b0fa12a-3dd7-45bb-9766-cc326314d9f1,102.95276049996028,0.0001036850846102,1.0071132051893923e-06,2.965097692814894,54.01301215076668,8.0,8.416323188606436e-05,0.00153957762055,0.0002264899620005,0.0018502308144365,0.0,France,FRA,,,,Windows-10-10.0.26200-SP0,3.10.0,3.2.6,16,AMD Ryzen 9 4900HS with Radeon Graphics,1,1 x NVIDIA GeForce GTX 1660 Ti with Max-Q Design,,,15.41950225830078,process,0.99009900990099,87.61386138613861,57.72178217821786,8.898093006398419,N,1.0,0.0
2026-06-13T04:58:53,opener-e2e-crossner_science,8f07cd20-c5f9-4711-aa86-ca606d8a8125,5b0fa12a-3dd7-45bb-9766-cc326314d9f1,88.59946080000373,8.87519271443388e-05,1.0017208495735571e-06,2.977010932076617,53.25041809636888,8.0,7.23007485846628e-05,0.0013164949420839,0.000194957180445,0.0015837528711136,0.0,France,FRA,,,,Windows-10-10.0.26200-SP0,3.10.0,3.2.6,16,AMD Ryzen 9 4900HS with Radeon Graphics,1,1 x NVIDIA GeForce GTX 1660 Ti with Max-Q Design,,,15.41950225830078,process,0.0,88.49425287356321,57.829885057471344,8.91677799444089,N,1.0,0.0
2026-06-13T05:00:36,opener-e2e-wnut17,a2738579-855b-4c70-ab65-0fdc52de9922,5b0fa12a-3dd7-45bb-9766-cc326314d9f1,66.50692670000717,6.656844093004609e-05,1.0009249296741134e-06,2.8350730718097843,53.62395934196417,8.0,5.1392290015740256e-05,0.00099023134774,0.0001462712377781,0.0011878948755339,0.0,France,FRA,,,,Windows-10-10.0.26200-SP0,3.10.0,3.2.6,16,AMD Ryzen 9 4900HS with Radeon Graphics,1,1 x NVIDIA GeForce GTX 1660 Ti with Max-Q Design,,,15.41950225830078,process,1.5384615384615383,72.49230769230769,57.80923076923083,8.915220583402194,N,1.0,0.0
2026-06-13T05:02:56,opener-e2e-mit_restaurant,4a865f2d-0dc6-4b87-8a10-141322eea431,5b0fa12a-3dd7-45bb-9766-cc326314d9f1,86.4704236999969,8.720841764274322e-05,1.0085346400672991e-06,2.8175640607752177,54.14123363466052,8.0,6.701282170598177e-05,0.00129892742803,0.000190269133778,0.001556209383514,0.0,France,FRA,,,,Windows-10-10.0.26200-SP0,3.10.0,3.2.6,16,AMD Ryzen 9 4900HS with Radeon Graphics,1,1 x NVIDIA GeForce GTX 1660 Ti with Max-Q Design,,,15.41950225830078,process,0.0,60.76470588235294,57.85647058823534,8.920427838493795,N,1.0,0.0
2026-06-13T05:06:08,opener-e2e-mit_movie,574a7aa3-ca0c-4b54-8bbb-61ae87108b2e,5b0fa12a-3dd7-45bb-9766-cc326314d9f1,101.52008869999554,0.000101931294444,1.004050486453765e-06,2.9592208670357234,53.73973250664001,8.0,8.260840674588194e-05,0.0015129895437239,0.0002233369777775,0.0018189349282474,0.0,France,FRA,,,,Windows-10-10.0.26200-SP0,3.10.0,3.2.6,16,AMD Ryzen 9 4900HS with Radeon Graphics,1,1 x NVIDIA GeForce GTX 1660 Ti with Max-Q Design,,,15.41950225830078,process,1.378,81.02,58.02100000000003,8.947957763671875,N,1.0,0.0
2026-06-13T05:09:43,opener-e2e-fabner,a049a89d-c950-4100-9a1d-2a4e4ba85688,5b0fa12a-3dd7-45bb-9766-cc326314d9f1,112.62234060000628,0.0001129064084862,1.002522304941842e-06,2.903161634151356,53.69204008603769,8.0,8.991184165245803e-05,0.0016771316194819,0.0002477392524447,0.0020147827135791,0.0,France,FRA,,,,Windows-10-10.0.26200-SP0,3.10.0,3.2.6,16,AMD Ryzen 9 4900HS with Radeon Graphics,1,1 x NVIDIA GeForce GTX 1660 Ti with Max-Q Design,,,15.41950225830078,process,2.003603603603604,82.5945945945946,58.0297297297297,8.94565317652247,N,1.0,0.0
2026-06-13T05:12:46,opener-e2e-bionlp2004,4a529bca-9c89-4124-9aed-9af21396d9f6,5b0fa12a-3dd7-45bb-9766-cc326314d9f1,104.31184449995636,0.0001047276767559,1.003986433736058e-06,2.795378448905739,53.84704616663719,8.0,8.025161969166395e-05,0.0015589898583019,0.0002295940964445,0.0018688355744381,0.0,France,FRA,,,,Windows-10-10.0.26200-SP0,3.10.0,3.2.6,16,AMD Ryzen 9 4900HS with Radeon Graphics,1,1 x NVIDIA GeForce GTX 1660 Ti with Max-Q Design,,,15.41950225830078,process,1.4823529411764709,77.23529411764706,57.89215686274503,8.925067378025428,N,1.0,0.0
2026-06-13T05:15:18,opener-e2e-conll2003,99e67749-5d74-4514-88f2-560c42a2afbd,5b0fa12a-3dd7-45bb-9766-cc326314d9f1,97.37504309997894,9.794276808167608e-05,1.0058302924817629e-06,2.8215315671452386,53.96656807688008,8.0,7.534269020087915e-05,0.0014580889442479,0.0002143291764448,0.0017477608108937,0.0,France,FRA,,,,Windows-10-10.0.26200-SP0,3.10.0,3.2.6,16,AMD Ryzen 9 4900HS with Radeon Graphics,1,1 x NVIDIA GeForce GTX 1660 Ti with Max-Q Design,,,15.41950225830078,process,2.177083333333334,67.70833333333333,57.99166666666661,8.943432172139486,N,1.0,0.0
2026-06-13T05:18:33,opener-e2e-gum,6bc70ac7-0d24-429d-83ac-5758f7c0b603,5b0fa12a-3dd7-45bb-9766-cc326314d9f1,112.4564988000202,0.0001124327262927,9.997886070830728e-07,2.8971586282944517,53.50044349130558,8.0,8.958007644011889e-05,0.0016693518910359,0.0002473980222223,0.0020063299896984,0.0,France,FRA,,,,Windows-10-10.0.26200-SP0,3.10.0,3.2.6,16,AMD Ryzen 9 4900HS with Radeon Graphics,1,1 x NVIDIA GeForce GTX 1660 Ti with Max-Q Design,,,15.41950225830078,process,2.0981818181818186,81.24545454545455,58.08272727272737,8.955230678211558,N,1.0,0.0
2026-06-13T05:21:40,opener-e2e-gentle,7981ae0f-f682-40b3-b996-a7ac56884446,5b0fa12a-3dd7-45bb-9766-cc326314d9f1,102.95173129998147,0.00010353556878107219,1.0056709826412683e-06,2.887198807198353,53.65964078075987,8.0,8.178435762961486e-05,0.0015392573425160004,0.00022652104688898866,0.0018475627470346037,0.0,France,FRA,,,,Windows-10-10.0.26200-SP0,3.10.0,3.2.6,16,AMD Ryzen 9 4900HS with Radeon Graphics,1,1 x NVIDIA GeForce GTX 1660 Ti with Max-Q Design,,,15.419502258300781,process,3.227722772277228,74.65346534653466,58.04257425742584,8.949210629604831,N,1.0,0.0
